date,new_diagnoses,cum_diagnoses_article,cum_diagnoses,new_recoveries,cum_recoveries,new_deaths,cum_deaths,cum_tests,new_tests,adults,cum_children,new_children,cur_children,n_critical,ventilation,hospitalised,1vac,2vac,positive_percent,yandex_index,asympt_percent
2020-03-12,0,0,0,0,0,0,0,,,0,0,,,,,,,,,1,
2020-03-13,0,0,0,0,0,0,0,,,0,0,0,,0,,,,,,1,
2020-03-14,0,0,0,0,0,0,0,,,0,0,0,,0,,,,,,2,4
2020-03-15,0,0,0,0,0,0,0,,,0,0,0,,0,,,,,,3,
2020-03-16,0,0,0,0,0,0,0,,,0,0,0,,0,,,,,,1,
2020-03-17,0,0,0,0,0,0,0,,,0,0,0,,0,,,,,,1,
2020-03-18,1,1,1,0,0,0,0,,,0,0,0,,0,,,,,,1,
2020-03-19,1,2,2,0,0,0,0,,,0,4,4,,42,,,,,,1,
2020-03-20,2,4,4,0,0,0,0,,,0,0,-4,,,,,,,,1,
2020-03-21,0,4,4,0,0,0,0,,,0,6,6,,73,,,,,,2,
2020-03-22,0,4,4,0,0,0,0,,,0,5,-1,,49,,,,,,3,
2020-03-23,0,4,4,0,0,0,0,,,5,0,-5,,,,,,,,1,43
2020-03-24,0,4,4,0,0,0,0,,,0,6,6,,52,,,,,,1,46
2020-03-25,0,4,4,0,0,0,0,,,0,7,1,,55,,,,,,1,
2020-03-26,1,5,5,0,0,0,0,,,0,7,0,,57,,,,,,1,40
2020-03-27,0,5,5,0,0,0,0,,,0,11,4,,66,,,,,,1,
2020-03-28,2,7,7,0,1,0,0,,,0,11,0,,58,,,,,,3,41
2020-03-29,1,8,8,0,1,0,0,,,0,0,-11,,,,,,,,3,
2020-03-30,1,9,9,0,1,0,0,,,0,16,16,,69,,,,,,2,
2020-03-31,0,9,9,0,1,0,0,,,0,18,2,,68,,,,,,2,
2020-04-01,1,10,10,0,2,0,0,,,0,17,-1,,61,,,,,,3,
2020-04-02,0,10,10,0,2,0,0,,,0,16,-1,,56,,,,,,3,
2020-04-03,0,10,10,0,2,0,0,,,0,19,3,,62,,,,,,3,37
2020-04-04,0,10,10,0,2,0,0,,,20,0,-19,,,,,,,,4,
2020-04-05,1,11,11,0,2,0,0,,,0,0,0,,,,,,,,4,
2020-04-06,0,11,11,0,2,0,0,,,0,22,22,,60,,,,,,2,
2020-04-07,0,11,11,0,2,0,0,,,0,15,-7,,55,,,,,,2,
2020-04-08,2,13,13,0,7,0,0,,,0,15,0,,57,,,,,,2,
2020-04-09,5,18,18,0,7,0,0,,,0,12,-3,,54,,,,,,2,
2020-04-10,3,21,21,0,8,0,0,,,13,0,-12,,,,,,,,2,
2020-04-11,7,28,28,0,10,0,0,,,0,17,17,,76,,,,,,3,
2020-04-12,0,28,28,0,10,0,0,,,23,0,-17,,,,,,,,3,
2020-04-13,8,36,36,0,10,0,0,,,0,23,23,,125,,,,,,2,
2020-04-14,0,36,36,0,10,0,0,,,0,21,-2,,139,,,,,,2,
2020-04-15,17,53,53,0,12,0,0,,,0,19,-2,,133,,,,,,2,3
2020-04-16,11,64,64,0,14,1,1,,,0,19,0,,126,,,,,,2,13
2020-04-17,12,76,76,0,16,1,2,,,4,24,5,,137,,,,,,2,
2020-04-18,10,86,86,0,16,0,2,,,1,28,4,,168,,,,,,3,
2020-04-19,22,108,108,0,16,1,3,,,0,32,4,,197,,,,,,3,
2020-04-20,24,132,132,0,16,0,3,,,2,40,8,,212,,,,,,2,23
2020-04-21,3,135,135,0,16,1,4,,,0,43,3,,274,,,,,,2,
2020-04-22,16,151,151,0,21,0,4,,,0,45,2,,304,,,,,,2,
2020-04-23,17,168,168,0,23,0,4,,,49,0,-45,,,,,,,,2,
2020-04-24,41,209,209,0,24,0,4,19388,,8,0,0,,0,,,,,,2,
2020-04-25,38,247,247,0,39,0,4,22314,2926,413,12,12,55,0,0,468,,,,3,
2020-04-26,58,305,305,0,39,0,4,23261,947,481,13,1,65,26,3,546,,,,3,
2020-04-27,42,347,347,0,39,0,4,24819,1558,522,17,4,75,34,6,597,,,,2,
2020-04-28,60,407,407,0,53,0,4,27053,2234,544,23,6,86,34,8,630,,,,2,
2020-04-29,29,436,436,0,63,0,4,29672,2619,574,23,0,78,32,8,652,,,,2,
2020-04-30,35,471,471,0,78,0,4,33087,3415,636,25,2,84,17,9,720,,,,2,
2020-05-01,55,526,526,0,80,1,5,36423,3336,723,25,0,72,32,7,795,,,,3,
2020-05-02,43,569,569,0,105,2,7,38017,1594,646,25,0,88,37,7,734,,,,3,
2020-05-03,51,620,620,0,109,0,7,39461,1444,671,26,1,97,37,9,768,,,,3,
2020-05-04,61,681,681,0,150,2,9,41406,1945,711,28,2,91,36,12,802,,,,3,
2020-05-05,65,746,746,0,179,0,9,43787,2381,723,35,7,72,34,16,795,,,,3,
2020-05-06,63,809,809,0,184,2,11,46507,2720,889,39,4,82,44,44,971,,,,2,
2020-05-07,67,876,876,0,240,1,12,48810,2303,1118,42,3,74,53,25,1192,,,,2,
2020-05-08,73,949,949,0,262,0,12,51568,2758,1211,46,4,72,54,20,1283,,,,2,
2020-05-09,76,1025,1025,44,306,2,14,55160,3592,1197,55,9,71,48,20,1268,,,,3,
2020-05-10,75,1100,1100,1,307,1,15,56952,1792,1224,60,5,71,51,20,1295,,,,3,43
2020-05-11,71,1171,1171,7,314,0,15,58274,1322,1422,72,12,88,55,16,1510,,,,2,45
2020-05-12,55,1226,1226,14,338,1,16,60243,1969,1431,77,5,72,55,17,1503,,,,1,46
2020-05-13,74,1300,1300,66,404,0,16,62933,2690,1472,80,3,76,51,20,1548,,,,1,
2020-05-14,76,1376,1376,51,455,0,16,65842,2909,1469,84,4,81,61,13,1550,,,,1,
2020-05-15,71,1447,1447,72,527,2,18,69170,3328,1501,91,7,74,61,19,1575,,,,1,
2020-05-16,64,1511,1511,83,610,2,20,71892,2722,1334,96,5,64,61,14,1398,,,,2,49
2020-05-17,70,1581,1581,28,638,0,20,73722,1830,1421,100,4,67,56,19,1488,,,,3,46
2020-05-18,71,1652,1652,0,638,0,20,75132,1410,1457,105,5,69,65,21,1526,,,12,1,43
2020-05-19,76,1728,1728,54,692,2,22,78026,2894,1464,115,10,64,62,22,1528,,,15,1,41
2020-05-20,77,1805,1805,48,730,0,23,81554,3528,1464,117,2,58,64,18,1522,,,18,1,45
2020-05-21,76,1881,1881,43,773,1,25,85268,3714,1469,122,5,54,71,18,1523,,,18,2,
2020-05-22,79,1960,1960,53,826,2,25,89262,3994,1466,128,6,50,67,16,1516,,,17,1,44
2020-05-23,83,2043,2043,56,882,2,27,92113,2851,1500,131,3,77,61,15,1577,,,19,2,47
2020-05-24,81,2124,2124,9,891,2,29,93543,1430,1513,134,3,60,69,22,1573,,,14,3,51
2020-05-25,89,2213,2213,0,891,0,29,95385,1842,1534,137,3,65,66,9,1599,,,0,1,49
2020-05-26,87,2300,2300,0,891,1,30,98551,3166,1574,138,1,65,59,19,1639,,,17,1,49
2020-05-27,97,2397,2397,11,902,1,31,101543,2992,1562,144,6,66,64,21,1628,,,19,1,42
2020-05-28,96,2493,2493,53,955,0,31,104264,2721,1562,153,9,65,70,24,1627,,,18,1,46
2020-05-29,103,2596,2596,62,1017,0,31,107491,3227,1560,157,4,65,62,18,1625,,,17,1,43
2020-05-30,109,2705,2705,72,1089,1,32,110528,3037,1604,167,10,61,66,22,1665,,,15,2,44
2020-05-31,104,2809,2809,30,1119,0,32,111873,1345,1492,169,2,62,64,19,1554,,,18,3,42
2020-06-01,105,2914,2914,10,1129,1,33,114483,2610,1577,176,7,66,67,20,1643,,,18,1,45
2020-06-02,106,3020,3020,85,1204,1,34,118027,3544,1482,181,5,60,67,24,1542,,,18,1,42
2020-06-03,102,3122,3122,27,1262,0,34,122124,4097,1476,191,10,67,72,24,1543,,,19,1,40
2020-06-04,104,3226,3226,44,1306,2,36,125010,2886,1520,191,0,69,75,15,1589,,,20,1,43
2020-06-05,108,3334,3334,0,1306,2,38,128318,3308,1532,208,17,62,42,10,1594,,,21,1,42
2020-06-06,107,3441,3441,13,1369,2,40,132319,4001,1506,216,8,64,37,12,1570,,,18,2,42
2020-06-07,105,3546,3546,17,1386,1,41,133246,927,1571,230,14,71,39,11,1642,,,19,3,42
2020-06-08,102,3648,3648,69,1455,1,42,135609,2363,1652,250,20,76,37,9,1728,,,20,1,41
2020-06-09,104,3752,3752,97,1552,2,44,138803,3194,1642,251,1,74,41,11,1716,,,24,1,41
2020-06-10,106,3858,3858,167,1719,2,46,142045,3242,1647,258,7,71,46,14,1718,,,20,1,
2020-06-11,102,3960,3960,188,1907,2,48,145699,3654,1654,265,7,58,46,11,1712,,,19,1,42
2020-06-12,109,4069,4069,143,2050,2,50,149028,3329,1741,278,13,74,49,11,1815,,,19,2,40
2020-06-13,108,4177,4177,98,2148,3,53,151215,2187,1723,285,7,64,48,13,1787,,,15,2,42
2020-06-14,108,4285,4285,45,2193,2,55,153701,2486,1723,293,8,303,55,65,2026,,,21,3,
2020-06-15,109,4394,4394,83,2276,2,57,154895,1194,1785,293,0,60,47,10,1845,,,20,1,38
2020-06-16,103,4497,4497,111,2387,3,60,157817,2922,1765,308,15,58,57,9,1823,,,15,1,
2020-06-17,107,4604,4604,113,2502,2,62,160987,3170,1777,309,1,60,49,17,1837,,,16,1,37
2020-06-18,107,4711,4711,128,2630,1,63,164479,3492,2030,314,5,63,59,19,2093,,,15,1,38
2020-06-19,108,4819,4819,85,2715,2,65,168736,4257,2079,327,13,65,58,19,2144,,,14,1,37
2020-06-20,109,4928,4928,85,2715,3,68,172200,3464,2079,327,0,65,62,19,2144,,,16,2,38
2020-06-21,105,5033,5033,54,2769,2,70,173340,1140,2097,335,8,65,77,19,2162,,,15,2,35
2020-06-22,109,5142,5142,21,2790,2,72,174522,1182,2204,335,0,73,69,19,2277,,,16,1,37
2020-06-23,106,5248,5248,103,2893,4,76,178815,4293,2246,339,4,71,81,25,2317,,,13,1,
2020-06-24,108,5356,5356,141,3034,2,78,181259,2444,2255,341,2,54,83,29,2309,,,12,2,34
2020-06-25,102,5458,5458,24,3058,4,82,184548,3289,2254,343,2,57,86,31,2311,,,13,1,36
2020-06-26,108,5566,5566,158,3216,1,83,190134,5586,2216,348,5,56,90,25,2272,,,16,1,34
2020-06-27,105,5671,5671,86,3302,4,87,194128,3994,2193,353,5,49,87,31,2242,,,13,2,33
2020-06-28,98,5769,5769,86,3368,4,91,196740,2612,2274,357,4,55,80,27,2329,,,14,3,33
2020-06-29,107,5876,5876,24,3392,2,93,198486,1746,2335,361,4,55,78,22,2390,,,14,1,30
2020-06-30,109,5985,5985,104,3496,3,96,204095,5609,2287,362,1,53,88,22,2340,,,18,1,33
2020-07-01,100,6085,6085,122,3618,3,99,208076,3981,2293,368,6,59,69,19,2352,,,14,2,32
2020-07-02,92,6177,6177,96,3714,2,101,210157,2081,2371,370,2,60,85,14,2431,,,14,1,30
2020-07-03,105,6282,6282,138,3852,4,105,215026,4869,2389,373,3,57,80,21,2446,,,14,1,32
2020-07-04,111,6393,6393,172,4024,0,109,218871,3845,2307,380,7,54,85,22,2361,,,14,2,30
2020-07-05,112,6505,6505,31,4071,7,112,222574,3703,2316,380,0,54,83,27,2370,,,14,2,32
2020-07-06,106,6611,6611,74,4145,4,116,224135,1561,2388,384,4,55,88,23,2443,,,15,1,32
2020-07-07,113,6724,6724,155,4300,4,120,229236,5101,2481,397,13,51,89,15,2532,,,14,1,32
2020-07-08,107,6831,6831,207,4507,4,124,233272,4036,2570,401,4,50,89,23,2620,,,14,1,30
2020-07-09,101,6932,6932,170,4677,4,128,236798,3526,2256,410,9,48,86,23,2304,,,10,1,30
2020-07-10,111,7043,7043,191,4868,5,133,241242,4444,2220,412,2,45,85,23,2265,,,18,1,27
2020-07-11,110,7153,7153,215,5083,4,137,245923,4681,2128,419,7,47,95,24,2175,,,12,2,25
2020-07-12,121,7274,7274,81,5164,5,142,247388,1465,2103,428,9,58,95,24,2161,,,19,2,22
2020-07-13,112,7386,7386,35,5199,4,146,247963,575,2210,434,6,62,77,18,2272,,,15,1,
2020-07-14,119,7505,7505,168,5367,2,148,253324,5361,2207,446,12,53,84,17,2260,,,15,1,
2020-07-15,103,7608,7608,190,5557,4,152,257593,4269,2159,446,0,64,81,21,2223,,,15,1,
2020-07-16,120,7728,7728,222,5779,3,155,262772,5179,2165,451,5,65,95,25,2230,,,15,1,
2020-07-17,117,7845,7845,89,5868,5,160,267091,4319,2074,457,6,63,89,22,2137,,,12,1,
2020-07-18,114,7959,7959,146,6014,3,163,270258,3167,2011,462,5,62,82,21,2073,,,10,2,
2020-07-19,118,8077,8077,118,6014,5,168,272597,2339,2004,464,2,63,83,18,2067,,,16,2,
2020-07-20,109,8186,8186,55,6203,3,171,275323,2726,1949,485,21,63,73,17,2012,,,13,1,
2020-07-21,102,8288,8288,96,6299,6,177,280245,4922,1995,491,6,51,81,19,2046,,,11,1,
2020-07-22,113,8401,8401,91,6390,2,179,283714,3469,2014,504,13,56,79,15,2070,,,13,1,
2020-07-23,110,8511,8511,108,6498,5,184,288187,4473,1775,513,9,57,79,18,1832,,,14,1,
2020-07-24,105,8616,8616,117,6615,6,190,292290,4103,1670,520,7,57,86,19,1727,,,13,1,
2020-07-25,101,8717,8717,112,6727,6,196,296658,4368,1606,521,1,59,81,20,1665,,,15,2,
2020-07-26,109,8826,8826,42,6769,4,200,297929,1271,1602,524,3,66,79,23,1668,,,13,2,
2020-07-27,104,8930,8930,58,6827,6,206,298609,680,1532,534,10,66,73,19,1598,,,14,1,
2020-07-28,103,9033,9033,183,7010,5,211,303777,5168,1519,539,5,60,74,22,1579,,,7,1,
2020-07-29,107,9140,9140,212,7222,7,218,307103,3326,1288,541,2,58,69,19,1346,,,11,1,
2020-07-30,101,9241,9241,203,7425,5,223,312054,4951,1323,542,1,57,74,18,1380,,,11,1,
2020-07-31,105,9346,9346,217,7642,7,230,315145,3091,1287,554,12,53,70,16,1340,,,12,1,
2020-08-01,98,9444,9444,188,7830,4,234,320647,5502,1282,556,2,51,78,18,1333,,,12,2,
2020-08-02,104,9548,9548,92,7922,6,240,322107,1460,1302,561,5,44,79,21,1346,,,14,2,27
2020-08-03,106,9654,9654,84,8006,6,246,322635,528,1261,563,2,41,72,19,1302,,,15,1,27
2020-08-04,95,9749,9749,102,8108,5,251,326955,4320,1259,567,4,53,76,24,1312,,,12,1,
2020-08-05,97,9846,9846,87,8194,4,255,330914,3959,1269,573,6,56,62,15,1325,,,15,1,
2020-08-06,93,9939,9939,72,8266,7,262,334999,4085,1206,581,8,56,67,15,1262,,,10,1,
2020-08-07,92,10031,10031,76,8342,7,269,338745,3746,1166,593,12,54,66,8,1220,,,9,1,
2020-08-08,99,10130,10130,84,8426,4,273,344386,5641,1156,594,1,46,62,7,1202,,,12,2,26
2020-08-09,52,10182,10182,33,8459,7,280,346116,1730,1168,597,3,48,64,9,1216,,,10,2,24
2020-08-10,87,10269,10269,28,8487,5,285,346596,480,1193,599,2,49,50,5,1242,,,10,1,27
2020-08-11,65,10334,10334,137,8624,7,292,349987,3391,1158,600,1,40,55,7,1198,,,14,1,26
2020-08-12,64,10398,10398,146,8770,5,297,352856,2869,1157,604,4,34,48,5,1191,,,10,1,25
2020-08-13,53,10451,10451,152,8922,6,303,358106,5250,1123,610,6,31,42,8,1154,,,11,1,26
2020-08-14,67,10518,10518,163,9085,3,306,362216,4110,1094,618,8,28,52,6,1122,,,10,1,26
2020-08-15,56,10574,10574,94,9179,3,309,366855,4639,1106,644,26,26,58,10,1132,,,11,2,28
2020-08-16,47,10621,10621,87,9266,4,312,368670,1815,1060,646,2,28,58,7,1088,,,19,2,25
2020-08-17,53,10674,10674,67,9333,3,315,369635,965,1122,650,4,32,58,12,1154,,,12,1,25
2020-08-18,50,10724,10724,52,9385,4,319,374283,4648,1156,653,3,30,57,8,1186,,,11,1,25
2020-08-19,51,10775,10775,73,9458,5,324,377692,3409,1093,656,3,25,60,11,1118,,,13,1,27
2020-08-20,44,10819,10819,69,9527,5,329,381806,4114,1107,657,1,27,52,10,1134,,,11,1,
2020-08-21,53,10872,10872,54,9851,6,335,385503,3697,1061,658,1,27,53,11,1088,,,10,1,25
2020-08-22,56,10928,10928,53,9634,3,338,389660,4157,1009,663,5,23,49,12,1032,,,12,2,25
2020-08-23,50,10978,10978,42,9676,1,339,391806,2146,1043,665,2,23,49,12,1066,,,14,2,29
2020-08-24,57,11035,11035,57,9733,2,341,392146,340,1051,668,3,24,47,10,1075,,,14,1,26
2020-08-25,59,11094,11094,61,9794,3,344,395842,3696,983,669,1,22,50,9,1005,,,12,1,
2020-08-26,47,11141,11141,50,9844,2,346,400270,4428,972,670,1,22,49,13,994,,,9,1,26
2020-08-27,51,11192,11192,48,9892,3,349,403252,2982,973,673,3,22,43,13,995,,,11,1,26
2020-08-28,46,11238,11238,38,9930,3,352,407653,4401,913,674,1,18,39,5,931,,,10,1,27
2020-08-29,51,11289,11289,43,9973,2,354,412094,4441,868,679,5,11,50,9,879,,,12,2,26
2020-08-30,55,11344,11344,49,10022,1,355,413566,1472,913,683,4,12,45,7,925,,,13,2,27
2020-08-31,60,11404,11404,51,10073,3,358,416983,3417,969,684,1,12,45,12,981,,,9,1,26
2020-09-01,52,11456,11456,93,10166,3,361,420344,3361,941,684,0,15,48,5,956,,,11,1,26
2020-09-02,45,11501,11501,63,10229,3,364,424936,4592,901,685,1,18,33,8,919,,,12,1,26
2020-09-03,50,11551,11551,58,10287,3,367,429449,4513,894,685,0,18,43,9,912,,,14,1,27
2020-09-04,56,11607,11607,37,10324,4,371,433487,4038,897,687,2,18,35,9,915,,,11,1,26
2020-09-05,63,11670,11670,89,10413,5,376,437107,3620,859,690,3,12,43,8,871,,,12,2,26
2020-09-06,57,11727,11727,57,10470,2,378,438687,1580,890,693,3,18,39,3,908,,,11,3,29
2020-09-07,50,11777,11777,48,10518,0,378,439442,755,978,696,3,19,39,2,997,,,14,1,26
2020-09-08,52,11829,11829,63,10581,3,381,444702,5260,950,699,3,16,49,3,966,,,11,1,26
2020-09-09,56,11885,11885,59,10640,3,384,448837,4135,916,701,2,12,38,2,928,,,12,1,23
2020-09-10,56,11941,11941,72,10712,3,387,452652,3815,893,704,3,12,41,2,905,,,13,1,27
2020-09-11,53,11994,11994,63,10775,2,389,455719,3067,920,710,6,16,33,3,936,,,11,1,24
2020-09-12,50,12044,12044,58,10833,1,390,459812,4093,941,712,2,15,47,3,956,,,12,2,23
2020-09-13,49,12093,12093,23,10856,4,394,460832,1020,978,714,2,16,47,5,994,,,9,2,25
2020-09-14,55,12148,12148,19,10875,3,397,461732,900,1027,719,5,17,43,5,1044,,,14,1,27
2020-09-15,59,12207,12207,59,10934,1,398,468497,6765,1024,720,1,15,40,7,1039,,,10,1,26
2020-09-16,53,12260,12260,82,11016,3,401,472410,3913,1030,724,4,14,44,9,1044,,,12,1,24
2020-09-17,47,12307,12307,96,11112,2,403,475838,3428,946,729,5,18,46,11,964,,,15,1,24
2020-09-18,49,12356,12356,93,11205,4,407,479779,3941,1033,730,1,19,34,7,1052,,,12,1,24
2020-09-19,54,12410,12410,84,11289,3,410,484646,4867,1064,734,4,19,43,8,1083,,,14,2,22
2020-09-20,61,12471,12471,34,11323,3,413,486115,1469,1148,739,5,19,34,5,1167,,,13,2,24
2020-09-21,55,12526,12526,44,11367,4,417,486827,712,1204,740,1,19,45,12,1223,,,13,1,
2020-09-22,61,12587,12587,78,11445,3,420,490268,3441,1268,743,3,22,36,10,1290,,,11,1,23
2020-09-23,65,12652,12652,92,11537,5,425,495513,5245,1317,744,1,18,38,9,1335,,,11,1,24
2020-09-24,63,12715,12715,73,11610,3,428,499757,4244,1313,744,0,19,37,8,1332,,,10,1,22
2020-09-25,67,12782,12782,78,11688,4,432,503641,3884,1393,752,8,21,40,11,1414,,,12,1,24
2020-09-26,72,12854,12854,84,11772,3,435,508507,4866,1376,752,0,21,47,11,1397,,,13,2,23
2020-09-27,76,12930,12930,46,11818,4,439,509748,1241,1421,762,10,21,49,11,1442,,,15,2,24
2020-09-28,69,12999,12999,41,11859,2,441,511272,1524,1447,768,6,21,59,15,1468,,,14,1,24
2020-09-29,71,13070,13070,63,11922,4,445,516938,5666,1557,772,4,22,55,18,1579,,,12,1,24
2020-09-30,77,13147,13147,51,11973,4,449,523729,6791,1662,784,12,26,51,15,1688,,,12,1,23
2020-10-01,82,13229,13229,49,12022,5,454,530161,6432,1679,792,8,29,56,13,1708,,,12,1,25
2020-10-02,84,13314,13313,42,12064,3,457,535595,5434,1708,797,5,33,51,10,1741,,,12,1,24
2020-10-03,79,13393,13392,53,12117,4,461,542567,6972,1835,802,5,31,59,8,1866,,,12,2,26
2020-10-04,77,13470,13469,32,12149,3,464,543894,1327,1952,809,7,34,62,8,1986,,,12,3,
2020-10-05,73,13543,13542,28,12177,5,469,545972,2078,2058,816,7,37,54,5,2095,,,13,1,27
2020-10-06,78,13621,13620,54,12231,4,473,550794,4822,2089,822,6,35,59,7,2124,,,14,1,27
2020-10-07,82,13703,13702,63,12294,3,476,557944,7150,2143,830,8,33,63,9,2176,,,12,1,26
2020-10-08,92,13795,13794,58,12352,5,481,564322,6378,2229,841,11,33,86,16,2262,,,14,1,27
2020-10-09,82,13877,13876,46,12398,2,483,569999,5677,2260,845,4,33,84,21,2293,,,16,1,27
2020-10-10,95,13972,13971,42,12440,5,488,577154,7155,2381,853,8,28,90,18,2409,,,14,2,28
2020-10-11,118,14090,14089,31,12471,3,491,579986,2832,2509,866,13,40,104,22,2549,,,18,3,
2020-10-12,115,14205,14204,37,12508,5,496,582122,2136,2693,879,13,33,110,28,2726,,,14,1,27
2020-10-13,114,14319,14318,95,12603,5,501,589794,7672,2849,891,12,44,119,28,2893,,,14,1,26
2020-10-14,120,14439,14438,98,12701,6,507,597935,8141,2940,898,7,42,101,24,2982,,,15,1,
2020-10-15,127,14566,14565,96,12797,6,513,604482,6547,2983,914,16,41,121,25,3024,,,15,1,
2020-10-16,129,14695,14694,92,12889,6,519,610985,6503,3025,920,6,41,106,27,3066,,,15,1,26
2020-10-17,135,14830,14829,88,12977,5,524,617127,6142,3313,931,11,41,122,33,3354,,,15,2,26
2020-10-18,149,14979,14978,56,13033,4,528,620054,2927,3260,938,7,45,120,28,3305,,,16,3,28
2020-10-19,157,15136,15135,48,13081,5,533,626153,6099,3414,950,12,50,122,37,3464,,,18,1,25
2020-10-20,169,15305,15304,86,13167,6,539,631983,5830,3490,957,7,52,120,45,3542,,,17,1,
2020-10-21,186,15491,15490,92,13259,3,542,637950,5967,3565,976,19,72,123,27,3637,,,17,1,27
2020-10-22,180,15671,15670,94,13353,6,548,643458,5508,3586,980,4,74,118,29,3660,,,17,1,26
2020-10-23,175,15846,15845,98,13451,4,552,650213,6755,3702,987,7,78,124,27,3780,,,18,1,26
2020-10-24,179,16025,16024,87,13538,5,557,657641,7428,3838,1000,13,70,131,31,3908,,,19,2,26
2020-10-25,181,16206,16205,55,13593,3,560,662123,4482,3955,1016,16,71,138,31,4026,,,24,3,26
2020-10-26,177,16383,16382,58,13651,6,566,668393,6270,4108,1034,18,77,137,33,4185,,,23,2,
2020-10-27,183,16566,16565,115,13766,3,569,676263,7870,4049,1046,12,76,136,31,4125,,,22,1,28
2020-10-28,180,16746,16745,158,13924,5,574,685746,9483,3971,1064,18,76,128,32,4047,,,16,2,26
2020-10-29,178,16924,16923,164,14088,4,578,693300,7554,3943,1077,13,71,126,33,4014,,,23,2,28
2020-10-30,185,17109,17108,142,14230,5,583,701919,8619,3833,1092,15,68,119,38,3901,,,20,2,26
2020-10-31,182,17291,17290,161,14391,3,586,714424,12505,3788,1106,14,59,118,34,3847,,,22,3,
2020-11-01,177,17468,17467,54,14445,4,590,716661,2237,3777,1116,10,59,115,38,3836,,,28,3,26
2020-11-02,179,17647,17646,56,14501,6,596,719040,2379,3859,1131,15,67,115,31,3926,,,24,2,22
2020-11-03,182,17829,17828,147,14648,4,600,725533,6493,3981,1140,9,64,108,30,4045,,,21,2,24
2020-11-04,181,18010,18009,172,14820,3,603,740602,15069,3884,1151,11,52,114,33,3936,,,25,3,25
2020-11-05,180,18190,18189,133,14953,6,609,745114,4512,3954,1162,11,60,128,30,4014,,,26,2,24
2020-11-06,176,18366,18365,171,15124,3,612,754418,9304,3907,1181,19,60,106,26,3967,,,22,2,25
2020-11-07,181,18547,18546,168,15292,5,617,764071,9653,3916,1195,14,51,121,34,3967,,,22,3,26
2020-11-08,177,18724,18723,98,15930,4,621,768552,4481,3981,1213,18,51,128,32,4032,,,38,3,26
2020-11-09,174,18898,18897,52,15442,4,625,770921,2369,3912,1226,13,59,139,30,3971,,,26,2,25
2020-11-10,179,19077,19076,173,15615,5,630,782886,11965,3965,1235,9,60,142,32,4025,,,26,2,26
2020-11-11,185,19262,19261,176,15791,3,633,791343,8457,3929,1252,17,53,146,31,3982,,,24,2,27
2020-11-12,178,19440,19439,144,15935,7,640,801007,9664,3880,1262,10,58,142,32,3938,,,25,2,25
2020-11-13,184,19624,19623,128,16063,4,644,811239,10232,3782,1267,5,62,174,51,3844,,,26,2,26
2020-11-14,186,19810,19809,161,16224,4,648,821562,10323,3758,1278,11,53,166,50,3811,,,26,2,25
2020-11-15,176,19986,19985,83,16307,7,655,825313,3751,3790,1285,7,56,157,66,3846,,,32,3,25
2020-11-16,174,20160,20159,72,16379,5,660,828925,3612,3859,1311,26,57,182,54,3916,,,25,1,26
2020-11-17,179,20339,20338,136,16515,6,666,839680,10755,3754,1327,16,54,177,52,3808,,,34,1,25
2020-11-18,182,20521,20520,154,16669,4,670,847276,7596,3719,1333,6,54,198,53,3773,,,30,1,25
2020-11-19,176,20697,20696,167,16836,7,677,856680,9404,3612,1341,8,54,202,51,3666,,,30,1,
2020-11-20,186,20883,20882,177,17013,5,682,863516,6836,3544,1353,12,51,205,60,3595,,,25,1,26
2020-11-21,183,21066,21065,156,17169,5,687,875111,11595,3337,1361,8,45,203,59,3382,,,31,2,23
2020-11-22,178,21244,21243,94,17263,6,693,880233,5122,3454,1371,10,46,195,56,3500,,,32,3,23
2020-11-23,172,21416,21415,66,17329,5,698,882447,2214,3547,1385,14,47,182,58,3594,,,31,1,24
2020-11-24,175,21591,21590,118,17447,6,704,892782,10335,3426,1393,8,45,205,60,3471,,,28,1,22
2020-11-25,179,21770,21769,179,17617,7,711,899172,6390,3366,1397,4,40,207,52,3406,,,29,1,
2020-11-26,187,21957,21956,193,17810,6,717,907728,8556,3369,1406,9,38,209,50,3407,,,29,1,
2020-11-27,181,22138,22137,188,17998,7,724,914180,6452,2940,1406,0,35,208,55,2975,,,30,1,
2020-11-28,179,22317,22316,196,18194,6,730,920061,5881,3116,1406,0,28,209,40,3144,,,28,2,
2020-11-29,176,22493,22492,104,18298,6,736,924174,4113,2952,1417,11,32,186,37,2984,,,32,3,
2020-11-30,179,22672,22671,110,18408,7,743,927011,2837,3045,1431,14,38,198,48,3083,,,31,1,
2020-12-01,177,22849,22848,166,18574,7,750,933241,6230,2962,1433,2,31,189,46,2993,,,30,1,
2020-12-02,182,23031,23030,179,18753,6,756,938871,5630,2990,1441,8,22,199,47,3012,,,29,1,
2020-12-03,186,23217,23216,154,18907,8,764,944180,5309,2867,1444,3,27,190,49,2894,,,28,1,
2020-12-04,176,23393,23392,195,19102,7,771,951918,7738,2784,1450,6,28,184,46,2812,,,33,1,12
2020-12-05,179,23572,23571,198,19300,8,779,959198,7280,2588,1454,4,32,209,40,2620,,,35,2,
2020-12-06,180,23752,23751,108,19408,7,786,961123,1925,2792,1460,6,35,193,39,2827,,,33,3,
2020-12-07,178,23930,23929,94,19502,6,792,961775,652,2828,1463,3,36,204,42,2864,,,35,1,
2020-12-08,174,24104,24103,197,19699,6,798,969478,7703,2733,1465,2,36,199,55,2769,,,33,1,
2020-12-09,168,24272,24271,192,19891,8,806,973840,4362,2611,1467,2,37,194,56,2648,,,32,1,
2020-12-10,170,24442,24441,190,20081,7,813,979569,5729,2728,1471,4,37,194,37,2765,,,34,1,
2020-12-11,172,24614,24613,216,20297,7,820,985645,6076,2543,1487,16,37,151,39,2580,,,33,1,
2020-12-12,169,24783,24782,224,20521,6,826,993120,7475,2512,1490,3,37,180,42,2549,,,29,2,
2020-12-13,168,24951,24950,121,20642,7,833,994721,1601,2605,1495,5,36,178,37,2641,,,40,3,
2020-12-14,170,25136,25120,96,20738,6,839,996076,1355,2657,1511,16,38,166,40,2695,,,33,1,
2020-12-15,168,25304,25288,206,20994,7,846,1003639,7563,2597,1516,5,38,173,40,2635,,,32,1,
2020-12-16,163,25467,25451,215,21159,7,853,1008419,4780,2537,1519,3,32,150,35,2569,,,33,1,
2020-12-17,167,25634,25618,208,21367,7,860,1013586,5167,2454,1528,9,28,134,40,2482,,,34,1,
2020-12-18,171,25805,25789,203,21570,6,866,1019314,5728,2406,1533,5,30,158,40,2436,,,34,1,
2020-12-19,166,25971,25955,228,21798,8,874,1026864,7550,2257,1537,4,30,174,43,2287,,,32,2,
2020-12-20,169,26140,26124,109,21907,7,881,1029064,2200,2279,1546,9,34,175,39,2313,,,38,3,
2020-12-21,165,26305,26289,98,22005,7,888,1029415,351,2331,1549,3,36,174,46,2367,,,35,1,
2020-12-22,166,26471,26455,216,22221,7,895,1036260,6845,2296,1553,4,33,167,45,2329,,,36,1,
2020-12-23,161,26632,26616,233,22454,7,902,1040503,4243,2259,1564,11,28,167,40,2287,,,27,1,
2020-12-24,158,26790,26774,229,22683,7,909,1046625,6122,2277,1570,6,28,175,38,2305,1280,,37,1,
2020-12-25,165,26955,26939,217,22900,9,918,1051883,5258,2250,1574,4,26,174,50,2276,,,34,1,
2020-12-26,160,27115,27099,231,23131,7,925,1057107,5224,2100,1590,16,21,169,47,2121,,,42,3,22
2020-12-27,157,27272,27256,93,23224,8,933,1058438,1331,2050,1598,8,23,159,43,2073,,,34,3,22
2020-12-28,155,27427,27411,95,23319,8,941,1059112,674,2157,1608,10,23,152,38,2180,,,34,2,
2020-12-29,156,27583,27567,214,23533,9,950,1065906,6794,2073,1613,5,16,148,37,2089,,,27,1,23
2020-12-30,153,27736,27720,225,23758,8,958,1069841,3935,1894,1621,8,11,144,37,1905,1900,,36,1,21
2020-12-31,149,27885,27869,238,23996,9,967,1076039,6198,1765,1630,9,6,131,28,1771,,,41,3,22
2021-01-01,152,28037,28021,244,24240,7,974,1079842,3803,1580,1638,8,4,147,24,1584,,,36,4,21
2021-01-02,154,28191,28175,127,24367,9,983,1080222,380,1612,1647,9,7,152,30,1619,,,38,4,
2021-01-03,150,28341,28325,151,24518,8,991,1080825,603,1667,1653,6,8,152,29,1675,,,41,3,22
2021-01-04,146,28487,28471,193,24711,9,1000,1082066,1241,1725,1660,7,9,151,50,1734,,,41,3,20
2021-01-05,142,28629,28613,187,24898,8,1008,1084739,2673,1680,1663,3,13,154,28,1693,,,36,3,
2021-01-06,141,28770,28754,209,25107,7,1015,1086666,1927,1673,1667,4,13,158,37,1686,,,38,3,21
2021-01-07,146,28916,28900,221,25328,9,1024,1090649,3983,1720,1672,5,15,160,30,1735,,,38,3,
2021-01-08,143,29059,29043,92,25420,7,1031,1091430,781,1766,1680,8,15,162,32,1781,,,39,3,
2021-01-09,139,29198,29182,203,25623,9,1040,1096388,4958,1687,1684,4,15,176,22,1702,,,42,3,20
2021-01-10,140,29338,29322,111,25734,7,1047,1099953,3565,1524,1687,3,15,170,18,1539,,,38,3,
2021-01-11,138,29476,29460,189,25923,8,1055,1105348,5395,1762,1693,6,13,171,23,1775,,,39,1,20
2021-01-12,136,29612,29596,214,26137,9,1064,1112110,6762,1711,1700,7,13,145,31,1724,,,39,1,21
2021-01-13,140,29752,29736,228,26365,9,1073,1115659,3549,1657,1705,5,17,149,31,1674,2670,,35,1,21
2021-01-14,144,29896,29880,232,26597,8,1081,1121190,5531,1517,1710,5,17,141,25,1534,,,35,1,20
2021-01-15,139,30035,30019,226,26823,8,1089,1126401,5211,1607,1717,7,17,90,25,1624,,,33,1,19
2021-01-16,146,30181,30165,237,27060,9,1098,1132057,5656,1548,1725,8,18,96,18,1566,,,44,2,16
2021-01-17,142,30323,30307,101,27161,7,1105,1133556,1499,1578,1728,3,18,130,23,1596,,,47,3,
2021-01-18,138,30461,30445,97,27258,9,1114,1134529,973,1624,1732,4,21,141,25,1645,4194,,39,1,18
2021-01-19,142,30603,30587,188,27446,8,1122,1141637,7108,1633,1737,5,18,138,25,1651,,,37,1,
2021-01-20,144,30747,30731,209,27655,7,1129,1145419,3782,1619,1743,6,16,138,26,1635,5000,,36,1,20
2021-01-21,147,30894,30878,223,27878,10,1139,1150552,5133,1587,1751,8,16,127,28,1603,5806,,37,1,
2021-01-22,140,31034,31018,211,28089,9,1148,1155161,4609,1541,1757,6,16,129,24,1557,,,44,1,19
2021-01-23,137,31171,31155,218,28307,7,1155,1161410,6249,1519,1766,9,16,137,22,1535,,,32,2,18
2021-01-24,135,31306,31290,94,28401,10,1165,1162988,1578,1565,1771,5,19,138,18,1584,,,47,3,
2021-01-25,134,31440,31424,90,28491,8,1173,1163819,831,1634,1775,4,19,132,19,1653,9748,,36,2,19
2021-01-26,131,31571,31555,197,28688,10,1183,1169994,6175,1603,1778,3,21,152,27,1624,,,37,2,
2021-01-27,138,31709,31693,208,28896,8,1191,1174397,4403,1590,1782,4,20,100,14,1610,,,35,1,18
2021-01-28,134,31843,31827,214,29110,10,1201,1179057,4660,1558,1789,7,19,104,16,1577,14146,2500,36,1,19
2021-01-29,139,31982,31966,220,29330,8,1209,1183181,4124,1520,1804,15,18,113,15,1538,14610,2613,40,1,18
2021-01-30,136,32118,32102,228,29558,7,1216,1188815,5634,1460,1807,3,18,113,19,1478,,,37,2,20
2021-01-31,133,32251,32235,97,29655,9,1225,1190277,1462,1508,1812,5,18,115,17,1526,,,41,3,20
2021-02-01,134,32385,32369,92,29747,8,1233,1191478,1201,1560,1819,7,15,109,23,1575,,,38,1,
2021-02-02,132,32517,32501,202,29949,10,1243,1197179,5701,1582,1827,8,6,102,22,1588,14797,2958,35,1,15
2021-02-03,135,32652,32636,206,30155,7,1250,1201542,4363,1548,1833,6,6,103,21,1554,,,37,1,15
2021-02-04,134,32786,32770,213,30368,10,1260,1205536,3994,1530,1845,12,6,113,18,1536,,,33,1,16
2021-02-05,131,32917,32901,219,30587,7,1267,1210446,4910,1494,1849,4,11,98,23,1505,15000,,40,1,16
2021-02-06,127,33044,33028,207,30587,6,1273,1216648,6202,1466,1852,3,11,123,21,1477,16781,3416,34,2,
2021-02-07,125,33169,33153,91,30885,8,1281,1218106,1458,1501,1857,5,11,103,16,1512,,,36,3,15
2021-02-08,128,33297,33281,94,30979,7,1288,1218444,338,1545,1866,9,11,124,26,1556,,,35,1,
2021-02-09,130,33427,33411,215,31194,8,1296,1224476,6032,1522,1870,4,15,120,24,1537,,,33,1,14
2021-02-10,134,33561,33545,215,31402,6,1302,1229555,5079,1511,1880,10,16,119,28,1527,25000,5000,37,1,14
2021-02-11,131,33692,33676,202,31604,7,1309,1234079,4524,1470,1886,6,19,116,21,1489,30638,6000,34,1,15
2021-02-12,127,33819,33803,103,31707,6,1315,1237506,3427,1478,1892,6,20,125,21,1498,,,37,1,15
2021-02-13,128,33947,33931,94,31801,9,1324,1241130,3624,1414,1894,2,20,124,26,1434,,,35,3,15
2021-02-14,121,34068,34052,67,31868,6,1330,1242515,1385,1413,1898,4,20,131,24,1433,,,38,3,15
2021-02-15,123,34191,34175,41,31909,8,1338,1247325,4810,1452,1907,9,20,127,24,1472,32707,7477,30,1,11
2021-02-16,120,34311,34295,73,31982,7,1345,1253144,5819,1444,1915,8,25,100,21,1469,35629,11117,39,1,12
2021-02-17,126,34437,34421,79,32061,7,1352,1258106,4962,1317,1924,9,24,107,20,1341,,,36,1,11
2021-02-18,121,34558,34542,84,32145,9,1361,1262494,4388,1278,1926,2,27,103,21,1305,41784,13638,36,1,12
2021-02-19,118,34676,34660,81,32226,7,1368,1267290,4796,1285,1942,16,26,90,19,1311,44823,14261,36,1,12
2021-02-20,124,34800,34784,79,32305,9,1377,1273329,6039,1245,1949,7,23,85,17,1268,,,33,1,12
2021-02-21,128,34928,34912,51,32356,6,1383,1278285,4956,1178,1961,12,23,98,19,1201,,,43,3,14
2021-02-22,119,35047,35031,32,32388,8,1391,1279053,768,1216,1972,11,23,96,18,1239,,,38,3,
2021-02-23,115,35162,35146,24,32412,6,1397,1280372,1319,1219,1978,6,18,96,20,1237,,,33,3,14
2021-02-24,112,35274,35258,48,32460,9,1406,1280751,379,1263,1990,12,20,95,19,1283,53007,14535,42,1,13
2021-02-25,118,35392,35376,97,32557,8,1414,1285769,5018,1258,1994,4,20,87,17,1278,,,37,1,13
2021-02-26,123,35515,35499,102,32659,7,1421,1293591,7822,1244,2005,11,25,88,14,1269,59682,16241,43,1,11
2021-02-27,120,35635,35619,110,32769,9,1430,1298981,5390,1182,2018,13,25,90,15,1207,,,34,2,11
2021-02-28,114,35749,35733,55,32824,6,1436,1300683,1702,1220,2020,2,25,90,15,1245,,,47,3,11
2021-03-01,111,35860,35844,61,32885,8,1444,1301664,981,1251,2025,5,25,94,16,1276,,,41,1,12
2021-03-02,115,35975,35959,110,32995,8,1452,1306784,5120,1250,2031,6,21,91,16,1271,63498,20693,42,1,11
2021-03-03,107,36082,36066,112,33107,9,1461,1312507,5723,1233,2033,2,21,90,15,1254,67315,25908,44,1,10
2021-03-04,100,36182,36166,107,33214,6,1467,1316959,4452,1212,2036,3,18,93,16,1230,,,38,1,10
2021-03-05,106,36288,36272,115,33329,8,1475,1323567,6608,1225,2046,10,19,100,16,1244,73710,30693,41,1,
2021-03-06,109,36397,36381,124,33453,7,1482,1328070,4503,1227,2061,15,17,99,16,1244,,,30,2,12
2021-03-07,102,36499,36483,48,33501,7,1489,1329630,1560,1170,2072,11,19,103,19,1189,,,59,2,10
2021-03-08,100,36599,36583,52,33553,6,1495,1330667,1037,1197,2078,6,19,100,16,1216,,,38,3,11
2021-03-09,104,36703,36687,37,33590,8,1503,1331518,851,1221,2087,9,18,98,15,1239,73800,30693,38,1,10
2021-03-10,102,36805,36789,96,33686,7,1510,1336947,5429,1210,2097,10,17,87,13,1227,,,35,1,10
2021-03-11,97,36902,36886,104,33790,6,1516,1340540,3593,1175,2104,7,14,92,18,1189,,,40,1,11
2021-03-12,100,37002,36986,108,33898,5,1521,1345483,4943,1157,2113,9,16,98,18,1173,82875,43000,42,1,10
2021-03-13,103,37105,37089,117,34015,4,1525,1349636,4153,1061,2121,8,16,95,17,1077,,,32,2,
2021-03-14,98,37203,37187,84,34099,6,1531,1351981,2345,1111,2134,13,12,91,14,1123,,,50,3,11
2021-03-15,95,37298,37282,75,34174,5,1536,1352964,983,1142,2148,14,14,88,15,1156,,,40,1,12
2021-03-16,101,37399,37383,110,34284,6,1542,1358163,5199,1073,2157,9,10,92,14,1083,,,36,1,11
2021-03-17,92,37491,37475,119,34403,5,1547,1362645,4482,1042,2165,8,6,92,11,1048,,,38,1,11
2021-03-18,90,37581,37565,132,34535,6,1553,1367085,4440,1762,2173,8,12,96,14,1774,89215,54732,37,1,11
2021-03-19,97,37678,37662,127,34662,5,1558,1372603,5518,1735,2178,5,12,86,13,1747,,,36,1,10
2021-03-20,104,37782,37766,156,34818,6,1564,1377034,4431,1630,2189,11,12,84,16,1642,,,37,2,11
2021-03-21,96,37878,37862,51,34869,5,1569,1378612,1578,1643,2195,6,12,82,16,1655,,,49,3,11
2021-03-22,91,37969,37953,67,34936,5,1574,1379140,528,1658,2201,6,12,76,14,1670,90296,58109,41,1,12
2021-03-23,93,38062,38046,146,35082,6,1580,1385004,5864,1585,2206,5,13,77,11,1598,,,38,1,11
2021-03-24,87,38149,38133,137,35219,5,1585,1388737,3733,1597,2213,7,14,84,13,1611,,,33,1,12
2021-03-25,93,38242,38226,136,35355,6,1591,1392872,4135,1571,2220,7,15,78,14,1586,93368,67198,38,1,12
2021-03-26,101,38343,38327,119,35474,7,1598,1397303,4431,1572,2243,23,15,77,16,1587,,,41,1,12
2021-03-27,94,38437,38421,139,35613,5,1603,1401934,4631,1521,2250,7,15,78,15,1536,,,35,2,12
2021-03-28,85,38522,38506,53,35666,5,1608,1404439,2505,1538,2256,6,15,74,14,1553,95491,70772,42,3,11
2021-03-29,87,38609,38593,41,35707,6,1614,1405906,1467,1599,2268,12,15,85,16,1614,97448,73433,41,1,
2021-03-30,85,38694,38678,114,35821,5,1619,1409354,3448,1598,2278,10,11,70,15,1609,,,38,1,11
2021-03-31,80,38774,38758,128,35949,6,1625,1413536,4182,1626,2282,4,11,71,15,1637,100461,76317,37,1,
2021-04-01,73,38847,38831,103,36052,5,1630,1417565,4029,1613,2289,7,7,70,16,1620,103000,78909,35,1,13
2021-04-02,82,38929,38913,98,36150,6,1636,1422571,5006,1570,2293,4,7,74,16,1577,,,43,1,
2021-04-03,84,39013,38997,119,36269,5,1641,1426865,4294,1539,2293,0,7,64,17,1546,,,47,2,11
2021-04-04,79,39092,39076,42,36311,5,1646,1429179,2314,2297,,,,65,15,,,,56,3,
2021-04-05,75,39167,39151,79,36351,6,1652,1430608,1429,1543,2302,,7,64,15,1550,111132,82037,50,1,13
2021-04-06,79,39246,39230,97,36448,6,1658,1434086,3478,1532,2308,6,7,62,15,1539,115983,84156,47,1,11
2021-04-07,82,39328,39312,106,36554,4,1662,1437685,3599,1496,2313,5,7,57,17,1503,,,52,1,11
2021-04-08,71,39399,39383,103,36657,5,1667,1441363,3678,1485,2316,3,7,64,16,1492,120000,85000,54,1,13
2021-04-09,80,39479,39463,98,36755,4,1671,1445535,4172,1491,2321,5,7,58,14,1498,,,52,1,13
2021-04-10,87,39566,39550,109,36864,5,1676,1449820,4285,1478,2328,7,7,52,10,1485,,,58,2,12
2021-04-11,78,39644,39628,53,36917,4,1680,1451823,2003,1429,2333,5,7,58,16,1436,,,61,2,13
2021-04-12,73,39717,39701,42,36959,4,1684,1453014,1191,1569,2337,4,7,62,13,1576,139692,88451,36,1,13
2021-04-13,79,39796,39780,96,37055,4,1688,1456302,3288,1532,2344,7,7,71,13,1539,142514,90107,40,1,13
2021-04-14,85,39881,39865,93,37148,3,1691,1460275,3973,1433,2348,4,7,78,15,1440,,,49,1,13
2021-04-15,80,39961,39945,86,37234,4,1695,1464853,4578,1412,2354,6,6,73,14,1418,152178,92102,48,1,13
2021-04-16,82,40043,40027,61,37295,5,1700,1469531,4678,1372,2370,16,9,69,15,1381,157184,94416,48,1,
2021-04-17,76,40119,40103,48,37343,4,1704,1473727,4196,1304,2382,12,9,66,16,1313,,,55,2,14
2021-04-18,72,40191,40175,19,37362,3,1707,1476102,2375,1303,2384,2,9,67,12,1312,,,49,3,13
2021-04-19,70,40261,40245,15,37377,4,1711,1477629,1527,1315,2387,3,7,62,12,1322,,,47,1,13
2021-04-20,74,40335,40319,44,37421,4,1715,1481157,3528,1272,2394,7,7,63,14,1279,169551,97989,48,1,12
2021-04-21,81,40416,40400,39,37460,4,1719,1484930,3773,1234,2401,7,7,57,13,1241,,,49,1,13
2021-04-22,85,40501,40485,47,37507,4,1723,1489094,4164,1233,2411,10,7,55,9,1240,179000,102000,53,1,
2021-04-23,80,40581,40565,42,37549,4,1727,1493758,4664,1235,2416,5,5,59,11,1240,,,55,1,13
2021-04-24,76,40657,40641,52,37601,4,1731,1497938,4180,1169,2423,7,5,60,13,1174,,,60,2,13
2021-04-25,74,40731,40715,12,37613,3,1734,1499671,1733,1192,2428,5,5,59,16,1197,,,57,2,14
2021-04-26,71,40802,40786,17,37630,3,1737,1501209,1538,2443,,,,56,15,,192518,110806,57,1,12
2021-04-27,75,40877,40861,36,37666,5,1742,1504702,3493,1212,2454,,,54,10,1219,,,64,1,12
2021-04-28,79,40956,40940,31,37697,4,1746,1508670,3968,1208,2457,3,7,49,10,1215,,,55,1,13
2021-04-29,74,41030,41014,44,37741,4,1750,1512708,4038,1221,2463,6,6,56,11,1227,208000,122000,58,1,13
2021-04-30,70,41100,41084,48,37789,4,1754,1517744,5036,1184,2475,12,10,56,13,1194,214390,126590,55,0,12
2021-05-01,78,41178,41162,41,37830,4,1758,1522017,4273,1184,2485,10,10,56,13,1194,,,62,2,
2021-05-02,76,41254,41238,16,37846,3,1761,1523942,1925,1146,2493,8,8,33,6,1154,,,61,2,13
2021-05-03,72,41326,41310,11,37857,4,1765,1525610,1668,1167,2495,2,8,45,7,1175,,,58,2,
2021-05-04,75,41401,41385,13,37870,3,1768,1527105,1495,1165,2503,8,8,44,9,1173,,,60,1,13
2021-05-05,78,41479,41463,27,37897,4,1772,1529552,2447,1164,2513,10,8,49,6,1172,,,56,1,13
2021-05-06,73,41552,41536,49,37946,5,1777,1532576,3024,1150,2520,7,8,48,4,1158,229855,145939,60,1,14
2021-05-07,69,41621,41605,58,38004,3,1780,1536459,3883,1083,2525,5,7,38,3,1090,234127,150304,54,1,13
2021-05-08,65,41686,41670,55,38059,4,1784,1539915,3456,1099,2530,5,7,45,5,1106,,,66,2,14
2021-05-09,72,41758,41742,16,38075,3,1787,1542083,2168,1109,2539,9,7,40,7,1116,,,62,2,15
2021-05-10,67,41825,41809,13,38088,5,1792,1543841,1758,1107,2554,15,7,40,7,1114,,,60,2,14
2021-05-11,69,41894,41878,14,38102,4,1796,1547158,3317,1185,2565,11,7,51,4,1192,239000,156683,60,0,12
2021-05-12,71,41965,41949,54,38156,5,1801,1550749,3591,1223,2577,12,5,62,6,1228,240863,159336,59,0,12
2021-05-13,68,42033,42017,67,38223,4,1805,1554672,3923,1228,2580,3,5,58,3,1233,,,59,0,13
2021-05-14,74,44210,42091,73,38296,4,1809,1559683,5011,1222,2590,10,5,48,5,1227,253000,178000,58,0,14
2021-05-15,77,42184,42168,75,38371,3,1812,1564431,4748,1181,2596,6,5,51,5,1186,,,61,2,17
2021-05-16,73,42257,42241,34,38405,4,1816,1566652,2221,1196,2602,6,5,52,4,1201,,,63,2,14
2021-05-17,65,42322,42306,28,38433,4,1820,1568246,1594,1220,2609,7,5,48,3,1225,,,59,0,
2021-05-18,67,42389,42373,67,38500,5,1825,1572011,3765,1268,2616,7,5,59,3,1273,,,62,0,14
2021-05-19,73,42462,42446,81,38581,4,1829,1575516,3505,1274,2622,6,5,55,4,1279,,,64,0,16
2021-05-20,70,42532,42516,69,38640,3,1832,1579321,3805,1291,2630,8,10,61,8,1301,,,59,1,17
2021-05-21,69,42601,42585,65,38705,4,1836,1583725,4404,1285,2635,5,10,57,7,1295,279698,208896,62,0,17
2021-05-22,75,42676,42660,59,38764,5,1841,1587569,3844,1252,2642,7,8,55,8,1260,,,67,2,17
2021-05-23,72,42748,42732,21,38785,4,1845,1589544,1975,1259,2651,9,8,55,8,1267,,,65,2,14
2021-05-24,69,42817,42801,25,38810,4,1849,1590773,1229,1292,2660,9,13,58,8,1305,,,63,1,15
2021-05-25,74,74,42875,56,38866,5,1854,1594469,3696,1324,2668,8,12,58,4,1336,290097,213160,62,0,14
2021-05-26,76,42967,42951,64,38930,4,1858,1598188,3719,1358,2668,0,12,56,3,1370,,,59,0,16
2021-05-27,69,43036,43020,72,39002,4,1862,1601953,3765,1373,2681,13,13,57,3,1386,298772,221893,60,0,14
2021-05-28,75,43111,43095,74,39076,4,1866,1606851,4898,1394,2688,7,16,67,5,1410,302708,226416,62,1,12
2021-05-29,79,43190,43174,77,39153,3,1869,1612507,5656,1319,2695,7,16,69,7,1335,,,66,2,12
2021-05-30,77,43267,43251,29,39182,5,1874,1617047,4540,1351,2700,5,16,74,9,1367,,,64,2,14
2021-05-31,74,43341,43325,33,39215,4,1878,1618898,1851,1397,2712,12,16,67,8,1413,,,63,0,13
2021-06-01,76,43417,43401,78,39293,6,1884,1625449,6551,1447,2722,10,19,63,10,1466,311216,233822,61,0,14
2021-06-02,79,43496,43480,86,39379,5,1889,1630546,5097,1447,2734,12,19,58,8,1466,,,62,0,13
2021-06-03,75,43571,43555,84,39463,5,1894,1635607,5061,1468,2743,9,27,61,6,1495,319000,241000,62,1,
2021-06-04,85,43656,43640,102,39565,5,1899,1642763,7156,1527,2748,5,22,64,7,1549,,,62,1,13
2021-06-05,92,43749,43732,77,39642,4,1903,1648808,6045,1510,2756,8,32,64,8,1542,,,66,2,15
2021-06-06,87,43835,43819,32,39674,4,1907,1652818,4010,1621,2768,12,34,63,7,1655,,,63,2,15
2021-06-07,73,43908,43892,37,39711,6,1913,1655406,2588,1705,2777,9,24,66,9,1729,327697,252607,59,1,15
2021-06-08,78,43986,43970,84,39795,5,1918,1660774,5368,1642,2786,9,30,67,8,1672,,,65,0,14
2021-06-09,86,44072,44056,87,39882,5,1923,1667881,7107,1740,2796,10,28,74,10,1768,,,59,1,15
2021-06-10,99,44171,44155,91,39973,5,1928,1676582,8701,1858,2812,16,37,80,11,1895,339531,267275,65,1,16
2021-06-11,103,44274,44258,93,40066,6,1934,1684275,7693,1883,2822,10,35,86,11,1918,,,63,1,
2021-06-12,108,44382,44366,61,40127,4,1938,1692516,8241,1945,2835,13,39,89,12,1984,,,64,2,14
2021-06-13,95,44477,44461,58,40185,5,1943,1698251,5735,2025,2844,9,46,100,15,2071,,,69,2,
2021-06-14,84,44561,44545,47,40232,5,1948,1701104,2853,2122,2858,14,48,90,12,2170,,,66,2,
2021-06-15,92,44653,44637,53,40285,6,1954,1707927,6823,2203,2869,11,39,87,13,2242,349118,276173,64,1,
2021-06-16,99,44752,44736,97,40382,5,1959,1713625,5698,2215,2876,7,66,100,24,2281,,,61,1,
2021-06-17,102,44854,44838,83,40465,6,1965,1721178,7553,2578,2899,23,61,120,23,2639,361974,289068,65,1,
2021-06-18,120,44974,44958,71,40536,7,1972,1729761,8583,2706,2926,27,69,137,20,2775,,,62,1,
2021-06-19,131,45105,45089,101,40637,8,1980,1740445,10684,2811,2944,18,69,138,22,2880,,,61,2,
2021-06-20,144,45249,45233,43,40690,5,1985,1745689,5244,2989,2960,16,74,146,29,3063,,,64,2,
2021-06-21,150,45399,45383,61,40751,7,1992,1750349,4660,3143,2986,26,78,151,37,3221,,,58,1,
2021-06-22,146,45545,45529,127,40878,9,2001,1759287,8938,3367,3006,20,67,165,35,3434,382077,,63,1,
2021-06-23,154,45699,45683,89,40967,8,2009,1768778,9491,3516,3027,21,94,171,31,3610,,,60,1,
2021-06-24,160,45859,45843,109,41076,5,2014,1779187,10409,3685,3048,21,94,206,36,3779,399000,309520,56,1,
2021-06-25,151,46010,45994,93,41169,9,2023,1791523,12336,3894,3071,23,95,228,38,3989,,,56,1,
2021-06-26,158,46168,46152,105,41274,6,2029,1802062,10539,3938,3084,13,93,236,50,4031,,,68,2,
2021-06-27,162,46330,46314,68,41342,7,2036,1809431,7369,3979,3103,19,92,283,56,4071,,,54,2,
2021-06-28,156,46486,46470,59,41401,9,2045,1814908,5477,4283,3115,12,102,326,70,4385,410960,312904,60,1,
2021-06-29,161,46647,46631,121,41522,7,2052,1825250,10342,4342,3128,13,106,352,72,4448,,,65,1,
2021-06-30,173,46820,46804,108,41630,11,2063,1837763,12513,4576,3142,14,101,346,80,4677,,,57,1,
2021-07-01,178,46998,46982,97,41727,9,2072,1848967,11204,4701,3152,10,94,346,86,4795,,,54,1,
2021-07-02,171,47169,47153,112,41839,7,2079,1862106,13139,4864,3177,25,94,366,83,4958,,,38,1,
2021-07-03,180,47349,47333,136,41975,6,2085,1874515,12409,4853,3210,33,89,354,73,4942,,,28,2,
2021-07-04,169,47518,47502,41,42016,10,2095,1882523,8008,5135,3237,27,90,362,72,5225,,,62,1,
2021-07-05,173,47691,47675,33,42049,5,2100,1890256,7733,5144,3267,30,102,345,67,5246,466858,339250,63,1,
2021-07-06,179,47870,47854,107,42156,8,2108,1901422,11166,5104,3285,18,99,356,69,5203,499789,351534,67,1,
2021-07-07,185,48055,48039,116,42274,11,2119,1914957,13535,5378,,,,365,,5378,,,68,1,
2021-07-08,189,48244,48228,126,42400,8,2127,1927610,12653,5399,,,,351,,5399,,,61,1,
2021-07-09,178,48422,48406,141,42541,10,2137,1942664,15054,5341,3356,,,349,60,5441,,,64,2,
2021-07-10,184,48606,48590,146,42687,7,2144,1957138,14474,5291,3372,16,100,356,62,5391,,,69,2,
2021-07-11,179,48785,48769,52,42739,8,2152,1965460,8322,5491,3390,18,99,388,80,5590,,,71,1,
2021-07-12,173,48958,48942,63,42802,9,2161,1971699,6239,5588,3406,16,102,376,79,5690,506000,354000,67,1,
2021-07-13,184,49142,49126,138,42940,11,2172,1982579,10880,5731,3423,17,92,404,61,5823,,,68,1,
2021-07-14,198,49340,49324,97,43037,8,2180,1993540,10961,5691,3445,22,93,424,61,5784,,,72,1,
2021-07-15,193,49533,49517,101,43138,10,2190,2003413,9873,5830,3480,35,87,438,75,5917,522656,385934,63,1,
2021-07-16,196,49729,49713,106,43244,8,2198,2021784,18371,5801,3502,22,88,425,76,5889,526392,394817,69,2,18
2021-07-17,187,49916,49900,117,43361,7,2205,2034908,13124,5637,3522,20,90,424,73,5727,,,43,2,16
2021-07-18,179,50095,50079,51,43412,9,2214,2042676,7768,5706,3544,22,95,430,73,5801,,,72,1,
2021-07-19,183,50278,50262,45,43457,6,2220,2048252,5576,5870,3567,23,90,431,66,5960,,,69,1,16
2021-07-20,190,50468,50452,108,43565,9,2229,2059188,10936,5808,3584,17,74,413,55,5882,,,71,1,16
2021-07-21,201,50669,50653,123,43688,11,2240,2071198,12010,5701,3608,24,78,410,51,5779,,,70,1,16
2021-07-22,195,50864,50848,137,43825,9,2249,2083487,12289,5587,3630,22,87,411,50,5674,544000,433900,72,1,14
2021-07-23,204,51068,51052,115,43940,9,2258,2094912,11425,5504,3662,32,75,401,54,5579,,,63,2,18
2021-07-24,213,51281,51265,114,44054,12,2270,2107590,12678,5372,3688,26,52,384,49,5424,,,74,2,
2021-07-25,218,51499,51483,51,44105,8,2278,2114960,7370,5390,3717,29,53,388,55,5443,,,73,1,17
2021-07-26,209,51708,51692,44,44149,9,2287,2119523,4563,5579,3737,20,59,387,53,5638,551871,442300,72,1,15
2021-07-27,200,51908,51892,122,44271,10,2297,2130579,11056,5389,3761,24,58,385,54,5447,564470,461174,71,1,15
2021-07-28,205,52113,52097,117,44388,11,2308,2141745,11166,5248,3778,17,57,381,53,5305,,,73,1,16
2021-07-29,196,52309,52293,104,44492,10,2318,2153949,12204,5129,3793,15,50,384,51,5179,570000,475000,74,1,
2021-07-30,202,52511,52495,111,44603,11,2329,2164773,10824,5059,3820,27,51,371,51,5110,,,67,2,15
2021-07-31,209,52720,52704,132,44735,11,2340,2177315,12542,4824,3837,17,51,358,48,4875,,,75,2,
2021-08-01,199,52919,52903,36,44771,8,2348,2183921,6606,4864,3858,21,50,353,47,4914,,,73,1,15
2021-08-02,195,53114,53098,42,44813,10,2358,2188124,4203,4745,3878,20,60,350,46,4805,574000,482000,74,1,14
2021-08-03,201,53315,53299,142,44955,9,2367,2195724,7600,4428,3903,25,56,349,48,4484,581000,493000,73,1,14
2021-08-04,204,53519,53503,147,45102,12,2379,2205094,9370,4291,3923,20,46,338,48,4337,590850,502942,72,1,14
2021-08-05,197,53716,53700,153,45255,9,2388,2214072,8978,4179,3947,24,51,325,46,4230,,,74,1,12
2021-08-06,190,53906,53890,138,45393,11,2399,2224924,10852,4154,3971,24,54,318,42,4208,,,70,2,14
2021-08-07,194,54100,54084,131,45524,9,2408,2233206,8282,3965,3988,17,53,318,42,4018,,,77,2,
2021-08-08,199,54299,54283,44,45568,9,2417,2239849,6643,3915,4012,24,52,293,31,3967,,,74,1,14
2021-08-09,196,54495,54479,39,45607,10,2427,2243139,3290,3983,4044,32,63,280,32,4046,,,76,1,
2021-08-10,198,54693,54677,153,45760,12,2439,2249628,6489,3807,4073,29,63,276,31,3870,608522,,78,1,13
2021-08-11,191,54884,54868,139,45899,10,2449,2257312,7684,3504,4101,28,54,268,28,3558,619180,,76,1,13
2021-08-12,187,55071,55055,122,46021,11,2460,2264137,6825,3398,4128,27,61,259,26,3459,624627,539175,74,1,14
2021-08-13,193,55264,55248,127,46148,9,2469,2271927,7790,3281,4146,18,62,263,25,3343,,,72,2,13
2021-08-14,185,55449,55433,144,46292,13,2482,2277449,5522,2722,4175,29,57,201,19,2779,,,76,2,
2021-08-15,181,55630,55614,40,46332,9,2491,2282972,5523,2728,4202,27,60,196,19,2788,,,78,1,
2021-08-16,183,55813,55797,36,46368,10,2501,2285342,2370,2781,4225,23,60,197,18,2841,629650,,78,1,12
2021-08-17,190,56003,55987,117,46485,9,2510,2290878,5536,2725,4249,24,47,195,18,2772,640913,562617,81,1,
2021-08-18,184,56187,56171,104,46589,12,2522,2297622,6744,2631,4271,22,39,190,19,2670,,,79,1,12
2021-08-19,187,56374,56358,112,46701,12,2534,2303884,6262,2560,4301,30,40,195,25,2600,649583,573068,81,1,
2021-08-20,181,56555,56539,101,46802,9,2543,2310759,6875,2503,4317,16,39,194,23,2542,,,77,2,12
2021-08-21,185,56740,56724,122,46924,11,2554,2316744,5985,2399,4332,15,39,188,25,2438,,,79,2,
2021-08-22,177,56917,56901,39,46963,10,2564,2320528,3784,2416,4354,22,45,181,25,2461,,,80,1,13
2021-08-23,175,57092,57076,43,47006,12,2576,2322802,2274,2452,4374,20,45,179,24,2497,659868,583983,78,1,
2021-08-24,180,57272,57256,94,47100,9,2585,2328141,5339,2399,4388,14,42,171,20,2441,,,77,1,12
2021-08-25,183,57455,57439,105,47205,11,2596,2334691,6550,2363,4403,15,42,167,17,2405,663688,589240,79,1,
2021-08-26,177,57632,57616,113,47318,11,2607,2341413,6722,2273,4420,17,38,168,17,2311,,,78,1,11
2021-08-27,174,57806,57790,119,47437,9,2616,2348400,6987,2237,4440,20,40,165,17,2277,674849,602987,79,2,11
2021-08-28,180,57986,57970,121,47558,11,2627,2354549,6149,2158,4455,15,40,158,17,2198,,,78,2,
2021-08-29,173,58159,58143,38,47596,9,2636,2358182,3633,2154,4472,17,40,162,15,2194,,,82,1,
2021-08-30,167,58326,58310,32,47628,8,2644,2360811,2629,2215,4495,23,37,164,19,2252,,,78,1,12
2021-08-31,175,58501,58485,106,47734,13,2657,2365903,5092,2131,4507,12,37,160,18,2168,683033,615009,80,1,11
2021-09-01,171,58672,58656,96,47830,10,2667,2372047,6144,2054,4518,11,37,168,13,2054,,,81,0,
2021-09-02,166,58838,58822,110,47940,12,2679,2377527,5480,1975,4543,25,22,168,12,1975,,,80,0,12
2021-09-03,170,59008,58992,109,48049,9,2688,2383311,5784,1961,4569,26,23,167,14,1961,,,78,2,
2021-09-04,173,59181,59165,113,48162,11,2699,2388261,4950,1869,4589,20,22,162,16,1869,,,80,2,12
2021-09-05,168,59349,59333,33,48195,9,2708,2391005,2744,1915,4603,14,23,160,16,1915,,,82,0,
2021-09-06,165,59514,59498,37,48232,13,2721,2393480,2475,1965,4618,15,23,162,16,1965,,,81,0,11
2021-09-07,169,59683,59667,109,48341,10,2731,2398955,5475,1888,4645,27,27,157,14,1915,,,79,0,11
2021-09-08,160,59843,59827,115,48456,9,2740,2403410,4455,1868,4663,18,19,158,14,1887,,,82,1,11
2021-09-09,165,60008,59992,108,48564,12,2752,2409447,6037,1844,4683,20,23,148,12,1867,703913,649918,81,1,10
2021-09-10,170,60178,60162,124,48688,13,2765,2415800,6353,1758,4705,22,23,137,12,1781,,,82,2,10
2021-09-11,174,60352,60336,127,48815,9,2774,2421907,6107,1691,4730,25,37,140,13,1728,,,78,2,10
2021-09-12,171,60523,60507,31,48846,10,2784,2425778,3871,1722,4758,28,37,141,21,1759,,,81,1,10
2021-09-13,166,60689,60673,35,48881,12,2796,2427675,1897,1757,4782,24,40,147,21,1797,,,80,1,10
2021-09-14,168,60857,60841,102,48983,9,2805,2432365,4690,1743,4803,21,34,141,22,1777,,,80,1,
2021-09-15,172,61029,61013,118,49101,10,2815,2438912,6547,1696,4830,27,34,135,15,1730,,,81,1,9
2021-09-16,169,61198,61182,113,49214,13,2828,2445786,6874,1628,4851,21,38,132,17,1666,717546,669352,81,1,8
2021-09-17,166,61364,61348,97,49311,11,2839,2452819,7033,1667,4873,22,36,135,19,1703,,,80,3,9
2021-09-21,165,62023,61513,104,49599,39,2878,2470476,17657,1758,4985,112,35,149,22,1793,724000,680000,79,3,
2021-09-22,168,62191,61681,112,49711,13,2891,2477099,6623,1700,5030,45,42,157,19,1742,729097,,82,2,8
2021-09-23,171,62362,61852,108,49819,11,2902,2484090,6991,1711,5074,44,38,160,21,1749,,,82,1,9
2021-09-24,173,62535,62025,112,49931,13,2915,2491725,7635,1739,5101,27,39,168,22,1778,,,78,1,9
2021-09-25,168,62703,62193,110,50041,12,2927,2498724,6999,1724,5125,24,39,170,26,1763,,,78,1,9
2021-09-26,164,62867,62357,35,50076,11,2938,2502609,3885,1760,5149,24,40,173,24,1800,,,80,1,8
2021-09-27,161,63028,62518,39,50115,13,2951,2504756,2147,1740,5178,29,40,169,24,1780,,,80,3,
2021-09-28,166,63194,62684,103,50218,11,2962,2510012,5256,1844,5223,45,34,186,23,1878,,,83,3,9
2021-09-29,172,63366,62856,114,50322,13,2975,2516947,6935,1858,5272,49,30,196,25,1888,,,84,2,8
2021-09-30,176,63542,63032,105,50437,10,2985,2523753,6806,1822,5311,39,28,198,23,1850,,,80,1,8
2021-10-01,172,63714,63204,111,50548,12,2997,2530906,7153,1867,5355,44,35,205,26,1902,746000,701000,82,1,7
2021-10-02,167,63881,63371,141,50689,13,3010,2537921,7015,1917,5387,32,35,220,23,1952,,,82,1,8
2021-10-03,171,64052,63542,43,50732,11,3021,2541295,3374,1893,5432,45,35,220,23,1928,,,83,1,8
2021-10-04,165,64217,63707,37,50769,12,3033,2544669,3374,5473,,,,217,24,2020,,,78,3,8
2021-10-05,169,64386,63876,124,50893,11,3044,2549899,5230,5512,,,,230,26,2092,,,83,3,9
2021-10-06,182,64568,64058,131,51024,15,3059,2556527,6628,5546,,,,244,32,2128,,,79,2,8
2021-10-07,190,64758,64248,127,51151,14,3073,2563252,6725,2156,5585,,37,255,40,2193,757000,712000,76,1,8
2021-10-08,184,64942,64432,144,51295,12,3085,2571041,7789,2204,5635,50,42,268,45,2246,,,79,1,8
2021-10-09,177,65119,64609,136,51431,15,3100,2578994,7953,2158,5674,39,42,267,41,2200,,,79,1,8
2021-10-10,180,65299,64789,39,51470,12,3112,2583092,4098,2195,5698,24,42,266,41,2237,,,77,1,8
2021-10-11,174,65473,64963,32,51502,15,3127,2585455,2363,2313,5733,35,46,288,48,2359,,,82,3,7
2021-10-12,178,65651,65141,129,51631,13,3140,2591229,5774,2432,5770,37,51,292,38,2483,,,80,3,7
2021-10-13,191,65842,65332,131,51762,9,3149,2598850,7621,2474,5818,48,49,277,40,2523,,,79,2,7
2021-10-14,208,66050,65540,122,51884,13,3162,2605378,6528,2513,5866,48,53,280,42,2566,772000,724000,80,1,7
2021-10-15,256,66306,65796,142,52026,12,3174,2614454,9076,5931,,,273,273,44,2578,,,79,1,8
2021-10-16,241,66547,66037,146,52172,11,3185,2622381,7927,5989,,,268,268,43,2662,,,81,1,7
2021-10-17,250,66797,66287,39,52211,8,3193,2627832,5451,6047,,,278,278,49,2698,,,78,1,7
2021-10-18,245,67042,66532,34,52245,16,3209,2630876,3044,6094,,,290,290,51,,782234,730575,79,3,8
2021-10-19,257,67299,66789,122,52367,8,3217,2638065,7189,6152,,,291,291,50,,,,80,3,8
2021-10-20,271,67570,67060,130,52497,15,3232,2646296,8231,6199,,,304,304,54,,,,79,2,
2021-10-21,291,67861,67351,126,52623,17,3249,2655364,9068,6255,,,303,303,53,,822368,752554,79,1,6
2021-10-22,282,68143,67633,147,52770,16,3265,2666207,10843,6309,,,312,312,48,,,,80,1,
2021-10-23,294,68437,67927,152,52922,9,3274,2675902,9695,6376,,,302,302,54,,,,79,1,8
2021-10-24,281,68718,68208,45,52967,13,3287,2681631,5729,6429,,,310,310,48,,,,80,1,7
2021-10-25,267,68985,68475,39,53006,15,3302,2684315,2684,6480,,,314,314,47,,,,80,3,8
2021-10-26,295,69280,68770,134,53140,11,3313,2692052,7737,6548,,,305,305,57,,,,81,3,8
2021-10-27,319,69599,69089,172,53312,11,3324,2701820,9768,6605,,,297,297,56,,,,80,2,9
2021-10-28,342,69941,69431,166,53478,15,3339,2710710,8890,6659,,,279,279,40,,864300,,78,1,8
2021-10-29,337,70278,69768,169,53647,15,3354,2722305,11595,6715,,,311,311,54,,,,78,1,8
2021-10-30,349,70627,70117,188,53835,12,3366,2732707,10402,6770,,,313,313,56,,890000,790000,79,1,9
2021-10-31,340,70967,70457,49,53884,14,3380,2739986,7279,6814,,,306,306,55,,,,81,1,9
2021-11-01,334,71301,70791,46,53930,15,3395,2743120,3134,6862,,,327,327,59,,905797,799458,78,3,9
2021-11-02,345,71646,71136,159,54089,14,3409,2749857,6737,6930,,,299,299,51,,,,77,3,9
2021-11-03,368,72014,71504,183,54272,12,3421,2759605,9748,6996,,,332,332,51,,939916,816288,83,2,9
2021-11-04,392,72406,71896,187,54459,14,3435,2766342,6737,3884,,,33,313,55,,,,76,1,9
2021-11-05,381,72787,72277,54,54513,11,3446,2775240,8898,7136,,,48,341,48,,,,78,1,9
2021-11-06,390,73177,72667,98,54611,15,3461,2781674,6434,7207,,,318,318,49,,,,79,1,9
2021-11-07,385,73562,73052,83,54694,13,3474,2787381,5707,7257,,,322,322,47,,,,79,1,9
2021-11-08,400,73962,73452,79,54773,12,3486,2789706,2325,7329,,,341,341,47,,970000,831035,80,3,9
2021-11-09,394,74356,73846,162,54935,14,3500,2799244,9538,3912,,,,325,52,,988412,842003,79,3,
2021-11-10,405,74761,74251,179,55114,16,3516,2816267,17023,7472,,,,357,67,,849747,,81,2,9
2021-11-11,399,75160,74650,202,55316,12,3528,2826335,10068,7532,,,310,310,67,,1012000,856000,82,1,9
2021-11-12,407,75567,75057,213,55529,11,3539,2838697,12362,7607,,,325,325,65,,,,76,1,8
2021-11-13,402,75969,75459,209,55738,14,3553,2848816,10119,3843,7671,,,348,63,,,,82,1,
2021-11-14,397,76366,75856,92,55830,13,3566,2856138,7322,3892,7721,50,50,364,59,,,,80,1,8
2021-11-15,402,76768,76258,89,55919,16,3582,2858926,2788,3973,,,,422,57,,,,84,3,9
2021-11-16,409,77177,76667,128,56047,13,3595,2867023,8097,4105,4105,,,350,62,,,,85,3,
2021-11-17,395,77572,77062,93,56140,15,3610,2876049,9026,,3986,-119,,329,59,,,,81,2,8
2021-11-18,404,77976,77466,102,56242,14,3624,2887252,11203,4186,7963,3977,336,336,60,,,,79,1,9
2021-11-19,400,78376,77866,107,56349,12,3636,2899855,12603,,8020,57,344,344,61,,,,82,1,8
2021-11-20,392,78768,78258,139,56488,16,3652,2912108,12253,4023,8076,56,381,381,62,,,,83,1,8
2021-11-21,399,79167,78657,58,56546,13,3665,2919738,7630,3942,8076,0,370,370,63,,,,81,1,9
2021-11-22,391,79558,79048,61,56607,14,3679,2923141,3403,4145,8201,125,363,363,56,,,,83,3,9
2021-11-23,400,79958,79448,111,56718,15,3694,2935123,11982,4146,8254,53,349,349,50,,,,84,3,8
2021-11-24,394,80352,79842,98,56816,11,3705,2947786,12663,4140,8320,66,360,360,54,,,,82,2,9
2021-11-25,403,80755,80245,107,56923,14,3719,2959073,11287,4128,,,355,355,49,,,,82,1,8
2021-11-26,396,81151,80641,91,57014,17,3736,2974381,15308,4143,,,357,357,43,,,,84,1,9
2021-11-27,391,81542,81032,113,57127,17,3753,2987270,12889,4247,8514,,362,362,54,,,,82,1,9
2021-11-28,400,81942,81432,51,57178,14,3767,2996288,9018,4104,8562,48,360,360,53,,,,80,1,9
2021-11-29,393,82335,81825,60,57238,13,3780,3000142,3854,4183,8632,70,339,339,47,,,,85,3,7
2021-11-30,397,82732,82222,113,57351,17,3797,3010595,10453,4110,8706,74,332,332,47,,,,80,3,7
2021-12-01,402,83134,82624,121,57472,17,3814,3022769,12174,4069,8769,63,335,335,45,,,,84,2,6
2021-12-02,391,83525,83015,134,57606,16,3830,3034984,12215,4024,8853,84,331,331,53,,,,83,1,7
2021-12-03,396,83921,83411,128,57734,15,3845,3050315,15331,3969,8946,93,309,309,55,,,,82,1,6
2021-12-04,401,84322,83812,133,57867,14,3859,3064507,14192,3887,9027,81,313,313,55,,,,84,1,6
2021-12-05,392,84714,84204,44,57911,16,3875,3073276,8769,3948,9098,71,329,329,53,,,,85,1,6
2021-12-06,387,85101,84591,52,57963,18,3893,3079043,5767,4029,9149,51,330,330,55,,,,84,3,6
2021-12-07,395,85496,84986,207,58170,14,3907,3090591,11548,,9208,59,342,342,50,,,,85,3,7
2021-12-08,399,85895,85385,224,58394,16,3923,3103668,13077,,9270,62,345,345,57,,,,81,2,7
2021-12-09,382,86277,85767,240,58634,14,3937,3116613,12945,3889,9327,57,353,353,71,,,,84,1,6
2021-12-10,396,86673,86163,248,58882,11,3948,3132554,15941,,9400,73,353,353,60,,,,87,1,
2021-12-11,389,87062,86552,255,59137,13,3961,3145660,13106,,9478,78,312,312,60,,,,81,1,7
2021-12-12,385,87447,86937,120,59257,14,3975,3152628,6968,,,,,,,,,,84,1,7
2021-12-13,392,87839,87329,77,59334,12,3987,3159597,6969,3924,9625,,316,316,54,,,,88,3,7
2021-12-14,398,88237,87727,227,59561,15,4002,3168510,8913,,9683,58,327,327,51,,,,92,3,8
2021-12-15,381,88618,88108,258,59819,14,4016,3179366,10856,3886,9776,93,340,340,54,,,,84,2,7
2021-12-16,393,89011,88501,279,60098,12,4028,3190633,11267,3793,9842,66,341,341,58,,,,84,1,8
2021-12-17,385,89396,88886,281,60379,14,4042,3203270,12637,3708,9914,72,342,342,62,,,,84,1,7
2021-12-18,390,89786,89276,297,60676,16,4058,3214617,11347,3652,9995,81,333,333,57,,,,85,1,8
2021-12-19,382,90168,89658,121,60797,13,4071,3221665,7048,3708,10059,64,312,312,52,,,,85,1,7
2021-12-20,378,90546,90036,156,60953,11,4082,3225921,4256,,10124,65,323,323,48,3560,,,82,3,7
2021-12-21,385,90931,90421,360,61313,15,4097,3231987,6066,,10199,75,327,327,46,3779,,,82,3,8
2021-12-22,379,91310,90800,358,61671,13,4110,3244899,12912,3649,10264,65,326,326,50,,,,82,2,
2021-12-23,372,91682,91172,361,62032,16,4126,3255158,10259,3548,10336,72,320,320,49,,,,80,1,8
2021-12-24,381,92063,91553,378,62410,14,4140,3266542,11384,,10409,73,307,307,50,3221,,,82,1,8
2021-12-25,376,92439,91929,388,62798,11,4151,3275704,9162,3262,10486,77,309,309,39,,,,83,1,7
2021-12-26,374,92808,92303,253,63051,15,4166,3282631,6927,,,,,,,,,,86,1,
2021-12-27,374,93182,92677,242,63293,12,4178,3284743,2112,3386,10603,,329,329,41,,,,82,3,8
2021-12-28,382,93564,93059,359,63652,13,4191,3290522,5779,3293,10672,69,308,308,38,,,,83,3,8
2021-12-29,377,93941,93436,364,64016,16,4207,3300761,10239,,10728,56,301,301,,3116,,,83,2,7
2021-12-30,368,94309,93804,342,64358,11,4218,3310499,9738,,10793,65,303,303,45,2906,,,86,1,
2021-12-31,354,94663,93804,759,64358,12,4230,3316279,5780,,10793,0,303,302,53,2906,,,83,1,
2022-01-01,322,94985,94126,759,65117,14,4244,3322059,5780,,10884,91,302,305,42,2502,,,83,1,
2022-01-02,300,95285,94426,334,65451,11,4255,3324855,2796,2513,10912,28,305,298,39,,,,82,1,
2022-01-03,293,95578,94719,318,65769,14,4269,3326427,1572,2693,10958,46,298,283,43,,,,100,3,
2022-01-04,285,95863,95004,322,66091,12,4281,3330739,4312,,10988,30,283,301,45,2562,,,85,3,
2022-01-05,291,96154,95295,307,66398,15,4296,3335409,4670,,11018,30,301,288,36,2670,,,86,2,
2022-01-06,286,96440,95581,311,66709,11,4307,3340718,5309,,11049,31,288,270,39,2660,,,85,1,
2022-01-07,274,96714,95855,297,67006,10,4317,3345834,5116,,11089,40,270,288,41,2704,,,81,1,
2022-01-08,252,96966,96107,303,67309,15,4332,3351071,5237,,11131,42,288,256,35,2698,,,86,1,
2022-01-09,231,97197,96338,284,67593,13,4345,3359003,7932,,11161,30,256,246,26,2720,,,83,1,
2022-01-10,225,97422,96563,289,67882,11,4356,3366935,7932,,11177,16,246,264,32,2711,,,83,3,
2022-01-11,236,97658,96799,291,68173,13,4369,3374866,7931,,11185,8,264,251,37,2759,,,86,3,
2022-01-12,245,97903,97044,301,68474,15,4384,3382797,7931,,11206,21,251,249,31,2638,,,86,2,
2022-01-13,251,98154,97295,315,68789,12,4396,3392048,9251,,11239,33,249,275,41,2554,,,85,1,
2022-01-14,242,98396,97537,309,69098,15,4411,3401239,9191,,11271,32,275,274,41,2504,,,85,1,
2022-01-15,249,98645,97786,377,69475,13,4424,3409595,8356,,11296,25,274,278,41,2410,,,86,1,
2022-01-16,237,98882,98023,340,69815,12,4436,3415801,6206,,11314,18,278,279,31,2429,,,84,1,
2022-01-17,230,99112,98253,316,70131,16,4452,3418593,2792,,11334,20,279,275,37,2483,,,85,3,
2022-01-18,237,99349,98490,329,70460,12,4464,3423245,4652,,11362,28,275,272,41,2452,,,87,3,
2022-01-19,249,99598,98739,343,70803,15,4479,3432172,8927,,11379,17,272,273,43,2396,,,83,2,
2022-01-20,240,99838,98979,357,71160,13,4492,3440972,8800,,11398,19,273,266,39,2363,,,85,1,
2022-01-21,251,100089,99230,338,71498,11,4503,3449896,8924,,11428,30,266,232,43,2348,,,85,1,
2022-01-22,258,100347,99488,359,71857,14,4517,3464095,14199,,11460,32,232,232,43,2205,,,81,1,
2022-01-23,248,100595,99736,291,72148,12,4529,3471733,7638,,11490,30,244,244,44,2274,,,86,1,
2022-01-24,242,100837,99978,302,72450,11,4540,3476702,4969,,11525,35,261,261,41,2295,,,85,3,
2022-01-25,261,101098,100239,366,72816,13,4553,3486256,9554,,11553,28,252,252,38,2226,,,83,3,
2022-01-26,315,101413,100554,349,73165,15,4568,3502404,16148,,11612,59,256,256,45,2346,,,82,2,
2022-01-27,344,101757,100898,377,73542,12,4580,3517980,15576,,11657,45,261,261,49,2407,,,81,1,
2022-01-28,511,102268,101409,386,73928,13,4593,3534881,16901,,11716,59,258,258,52,2477,,,85,1,
2022-01-29,387,102655,101796,427,74355,13,4606,3552567,17686,,11811,95,270,270,51,2451,,,84,1,
2022-01-30,579,103234,102375,422,74777,11,4617,3568597,16030,,11932,121,271,271,50,2576,,,81,1,
2022-01-31,604,103838,102979,331,75108,14,4631,3576927,8330,,12048,116,270,270,54,2645,,,82,3,
2022-02-01,745,104583,103724,395,75503,12,4643,3588550,11623,,12205,157,247,247,45,2737,,,85,3,8
2022-02-02,996,105579,104720,341,75844,16,4659,3610221,21671,,12433,228,252,252,36,2794,,,81,2,7
2022-02-03,1347,106926,106067,0,75844,14,4673,3628788,18567,,12740,307,253,253,34,2937,,,84,1,8
2022-02-04,1874,108800,107941,737,76581,11,4684,3655527,26739,,13093,353,253,253,38,3044,,,86,1,9
2022-02-05,2142,110942,110083,422,77003,13,4697,3677498,21971,,13577,484,254,254,39,3092,,,84,1,7
2022-02-06,2743,113685,112826,306,77309,15,4712,3698532,21034,,14095,518,252,252,41,3239,,,84,1,12
2022-02-07,3129,116814,115955,311,77620,12,4724,3710645,12113,,14250,155,258,258,33,3360,,,83,3,15
2022-02-08,3214,120028,119169,418,78038,15,4739,3733095,22450,,15059,809,277,277,25,3419,,,83,3,14
2022-02-09,3978,124006,123147,424,78462,7,4746,3751784,18689,,15840,781,279,279,45,3526,,,83,2,16
2022-02-10,4394,128400,127541,487,78949,9,4755,3772183,20399,,16697,857,290,290,53,3496,,,84,1,16
2022-02-11,4871,133271,132412,491,79440,6,4761,3792076,19893,,17565,868,288,288,41,3610,,,84,1,16
2022-02-12,5122,138393,137534,487,79927,11,4772,3808401,16325,,18289,724,288,288,44,3496,,,83,1,16
2022-02-13,5349,143742,142883,476,80403,15,4787,3821233,12832,,19108,819,304,304,43,3605,,,84,1,16
2022-02-14,5824,149566,148707,404,80807,13,4800,3828021,6788,,20053,945,316,316,49,3808,,,84,3,16
2022-02-15,5763,155329,154470,469,81276,15,4815,3838529,10508,,20892,839,327,327,45,3832,,,85,3,16
2022-02-16,5428,160757,159898,672,81948,10,4825,3850110,11581,,21582,690,368,368,38,3865,,,87,2,16
2022-02-17,5043,165800,164941,704,82652,13,4838,3862804,12694,,22110,528,322,322,48,3867,,,84,1,16
2022-02-18,5319,171119,170260,788,83440,15,4853,3875935,13131,,22907,797,328,328,48,3817,,,89,1,16
2022-02-19,5483,176602,175743,804,84244,9,4862,3887663,11728,,23960,1053,348,348,47,3698,,,83,1,16
2022-02-20,5205,181807,180948,422,84666,13,4875,3895738,8075,,24862,902,323,323,39,3774,,,82,1,16
2022-02-21,5001,186808,185949,415,85081,10,4885,3899573,3835,,25882,1020,307,307,42,3879,,,86,3,16
2022-02-22,5128,191936,191077,763,85844,16,4901,3909377,9804,,27103,1221,,317,34,3723,,,88,3,16
2022-02-23,4841,196777,195918,784,86628,14,4915,3921172,11795,,27187,84,,315,40,3828,,,86,2,16
2022-02-24,4529,201306,200447,917,87545,17,4932,3930713,9541,,28964,1777,,342,48,3819,,,87,1,16
2022-02-25,4796,206102,205243,5377,92922,13,4945,3940370,9657,,29591,627,,335,46,3717,,,85,1,16
2022-02-26,4432,210534,210029,5482,98404,15,4960,3948262,7892,,30157,566,112,310,49,3561,,,86,1,16
2022-02-27,4208,214742,214237,3218,101622,13,4973,3954180,5918,,30732,575,112,316,48,3592,,,86,1,16
2022-02-28,4047,218789,218284,3707,105329,16,4989,3960064,5884,,31232,500,108,312,45,3617,,,88,3,16
2022-03-01,3591,222380,221875,6619,111948,16,5005,3968536,8472,,31720,488,120,316,32,3617,,,82,3,16
2022-03-02,2912,225292,224787,8300,120248,13,5018,3978458,9922,,32112,392,90,305,39,3367,,,87,2,16
2022-03-03,2573,227865,227360,8794,129042,16,5034,3986458,8000,,32495,383,88,304,46,3247,,,85,1,16
2022-03-04,2416,230281,229776,9745,138787,12,5046,3996958,10500,,32848,353,91,299,48,3121,,,88,1,16
2022-03-05,2131,232412,231907,10572,149359,14,5060,4007368,10410,,33270,422,83,296,54,2961,,,88,1,16
2022-03-06,2008,234420,233915,10312,159671,11,5071,4011888,4520,,33623,353,80,297,58,,,,86,1,16
2022-03-07,1976,236396,235891,7009,166680,15,5086,4017213,5325,,33821,198,86,279,56,,,,90,3,16
2022-03-08,2057,238453,237948,8463,175143,13,5099,4019267,2054,,34236,415,91,270,48,,,,86,3,16
2022-03-09,1935,240388,239883,2784,177927,16,5115,4024422,5155,,34542,306,110,270,48,,,,84,2,16
2022-03-10,1302,241690,241185,12351,190278,12,5127,4031407,6985,,34753,211,65,267,41,,,,92,1,16
2022-03-11,1139,242829,242324,10113,200391,14,5141,4040064,8657,,34966,213,55,260,31,,,,85,1,16
2022-03-12,987,243816,243311,15469,215860,14,5155,4047734,7670,,35191,225,41,263,35,,,,85,1,16
2022-03-13,871,244687,244182,5429,221289,16,5171,4050335,2601,,35303,112,44,260,36,,,,89,1,16
2022-03-14,690,245377,244872,2112,223401,11,5182,4056051,5716,,35423,120,29,233,29,,,,89,3,16
2022-03-15,613,245990,245485,1081,224482,12,5194,4062621,6570,,35498,75,46,215,27,1974,,,91,3,16
2022-03-16,529,246519,246014,905,225387,14,5208,4070495,7874,,35498,0,45,212,33,1816,,,83,2,16
2022-03-17,458,246977,246472,346,225733,12,5220,4078117,7622,,35610,112,38,201,38,1711,,,91,1,16
2022-03-18,407,247384,246879,320,226053,10,5230,4087499,9382,,35710,100,43,200,27,1666,,,84,1,16
2022-03-19,383,247767,247262,344,226397,11,5241,4095031,7532,,35904,194,44,187,21,,,,86,1,16
2022-03-20,306,248073,247568,409,226806,12,5253,4097636,2605,,35961,57,41,189,20,,,,89,1,16
2022-03-21,294,248367,247862,388,227194,9,5262,4104010,6374,,36022,61,44,192,19,,,,86,3,16
2022-03-22,328,248695,248190,406,227600,11,5273,4111463,7453,,36066,44,43,190,23,,,,73,3,16
2022-03-23,302,248997,248492,360,227960,12,5285,4120344,8881,,36084,18,47,192,20,1283,,,88,2,16
2022-03-24,293,249290,248785,311,228271,12,5297,4127230,6886,,36100,16,43,182,23,1218,,,84,1,16
2022-03-25,287,249577,249072,335,228606,9,5306,4134218,6988,,36199,99,45,172,22,1167,,,86,1,16
2022-03-26,279,249856,249351,487,229093,10,5316,4136987,2769,,36134,-65,43,160,24,1086,,,86,1,16
2022-03-27,268,250124,249619,300,229393,9,5325,4138827,1840,,36150,16,42,159,21,,,,86,1,16
2022-03-28,265,250389,249884,319,229712,11,5336,4143775,4948,,36166,16,33,164,22,1045,,,82,3,16
2022-03-29,257,250646,250141,428,230140,13,5349,4148275,4500,,36225,59,30,157,20,,,,88,3,16
2022-03-30,251,250897,250392,504,230644,10,5359,4153795,5520,,36354,129,38,156,19,1046,,,90,2,16
2022-03-31,219,251116,250611,780,231424,14,5373,4157920,4125,,36383,29,40,158,20,1045,,,89,1,16
2022-04-01,288,251404,250899,766,232190,10,5383,4163311,5391,,36403,20,32,150,17,1015,,,90,1,16
2022-04-02,236,251640,251135,811,233001,11,5394,4165561,2250,,36433,30,18,153,20,,,,87,1,16
2022-04-03,233,251873,251368,1312,234313,9,5403,4170348,4787,,36476,43,19,146,17,,,,86,1,16
2022-04-04,446,252319,251814,3746,238059,23,5426,4185861,15513,,36583,107,15,148,22,985,,,92,3,16
2022-04-05,0,252319,251814,0,238059,0,5426,4185861,0,,36583,0,15,148,22,985,,,89,3,16
2022-04-06,216,252535,252030,1621,239680,10,5436,4185861,0,,36612,29,11,136,20,911,,,90,2,16
2022-04-07,209,252733,252239,1693,241373,12,5448,4204371,18510,,36655,43,13,117,15,,,,89,1,16
2022-04-08,214,252947,252453,1769,243142,9,5457,4213614,9243,,36698,43,11,109,21,864,,,89,1,16
2022-04-09,194,253141,252647,1591,244733,9,5466,4222479,8865,777,36729,31,11,118,17,,,,86,1,16
2022-04-10,191,253332,252838,213,244946,61,5477,4230345,7866,766,36769,40,12,118,20,,,,87,1,16
2022-04-11,186,253518,253024,228,245174,60,5489,4237205,6860,,36805,36,7,122,17,781,,,91,3,16
2022-04-12,190,253708,253214,293,245467,10,5499,4244946,7741,,36844,39,7,116,14,791,,,87,3,16
2022-04-13,179,253887,253393,339,245806,9,5508,4253811,8865,,36899,55,8,115,19,763,,,88,2,16
2022-04-14,170,254057,253563,307,246113,10,5518,4262618,8807,,36945,46,7,107,15,731,,,90,1,16
2022-04-15,165,254222,253728,244,246357,49,5529,4271625,9007,,36999,54,7,100,16,709,,,91,1,16
2022-04-16,163,254385,253891,297,246654,10,5539,4280156,8531,,37014,15,6,112,13,701,,,90,1,16
2022-04-17,157,254542,254048,288,246942,8,5547,4288138,7982,,37059,45,7,88,12,689,,,91,1,16
2022-04-18,152,254694,254200,280,247222,10,5557,4295066,6928,,37078,19,9,109,17,690,,,91,3,16
2022-04-19,154,254848,254354,366,247588,7,5564,4299966,4900,,37094,16,7,104,16,675,,,88,3,16
2022-04-20,149,254997,254503,372,247960,9,5573,4307025,7059,,37118,24,9,98,13,639,,,87,2,16
2022-04-21,141,255138,254644,191,248151,8,5581,4313916,6891,,37155,37,7,103,11,620,,,87,1,16
2022-04-22,133,255271,254777,155,248306,6,5587,4320956,7040,,37175,20,6,102,12,630,,,86,1,16
2022-04-23,125,255396,254902,142,248448,8,5595,4327233,6277,,37181,6,6,102,12,630,,,91,1,16
