date,new_diagnoses,cum_diagnoses,new_recoveries,cum_recoveries,new_deaths,cum_deaths,cum_tests,new_tests,n_critical,1vac,2vac,positive_percent,yandex_index,asympt_percent
2020-03-12,0,0,0,0,0,0,,,,,,,1,
2020-03-13,0,0,0,0,0,0,,,0,,,,1,
2020-03-14,0,0,0,0,0,0,,,0,,,,2,4
2020-03-15,0,0,0,0,0,0,,,0,,,,3,
2020-03-16,0,0,0,0,0,0,,,0,,,,1,
2020-03-17,0,0,0,0,0,0,,,0,,,,1,
2020-03-18,1,1,0,0,0,0,,,0,,,,1,
2020-03-19,1,2,0,0,0,0,,,42,,,,1,
2020-03-20,2,4,0,0,0,0,,,,,,,1,
2020-03-21,0,4,0,0,0,0,,,73,,,,2,
2020-03-22,0,4,0,0,0,0,,,49,,,,3,
2020-03-23,0,4,0,0,0,0,,,,,,,1,43
2020-03-24,0,4,0,0,0,0,,,52,,,,1,46
2020-03-25,0,4,0,0,0,0,,,55,,,,1,
2020-03-26,1,5,0,0,0,0,,,57,,,,1,40
2020-03-27,0,5,0,0,0,0,,,66,,,,1,
2020-03-28,2,7,0,1,0,0,,,58,,,,3,41
2020-03-29,1,8,0,1,0,0,,,,,,,3,
2020-03-30,1,9,0,1,0,0,,,69,,,,2,
2020-03-31,0,9,0,1,0,0,,,68,,,,2,
2020-04-01,1,10,0,2,0,0,,,61,,,,3,
2020-04-02,0,10,0,2,0,0,,,56,,,,3,
2020-04-03,0,10,0,2,0,0,,,62,,,,3,37
2020-04-04,0,10,0,2,0,0,,,,,,,4,
2020-04-05,1,11,0,2,0,0,,,,,,,4,
2020-04-06,0,11,0,2,0,0,,,60,,,,2,
2020-04-07,0,11,0,2,0,0,,,55,,,,2,
2020-04-08,2,13,0,7,0,0,,,57,,,,2,
2020-04-09,5,18,0,7,0,0,,,54,,,,2,
2020-04-10,3,21,0,8,0,0,,,,,,,2,
2020-04-11,7,28,0,10,0,0,,,76,,,,3,
2020-04-12,0,28,0,10,0,0,,,,,,,3,
2020-04-13,8,36,0,10,0,0,,,125,,,,2,
2020-04-14,0,36,0,10,0,0,,,139,,,,2,
2020-04-15,17,53,0,12,0,0,,,133,,,,2,3
2020-04-16,11,64,0,14,1,1,,,126,,,,2,13
2020-04-17,12,76,0,16,1,2,,,137,,,,2,
2020-04-18,10,86,0,16,0,2,,,168,,,,3,
2020-04-19,22,108,0,16,1,3,,,197,,,,3,
2020-04-20,24,132,0,16,0,3,,,212,,,,2,23
2020-04-21,3,135,0,16,1,4,,,274,,,,2,
2020-04-22,16,151,0,21,0,4,,,304,,,,2,
2020-04-23,17,168,0,23,0,4,,,,,,,2,
2020-04-24,41,209,0,24,0,4,19388,,0,,,,2,
2020-04-25,38,247,0,39,0,4,22314,2926,0,,,,3,
2020-04-26,58,305,0,39,0,4,23261,947,26,,,,3,
2020-04-27,42,347,0,39,0,4,24819,1558,34,,,,2,
2020-04-28,60,407,0,53,0,4,27053,2234,34,,,,2,
2020-04-29,29,436,0,63,0,4,29672,2619,32,,,,2,
2020-04-30,35,471,0,78,0,4,33087,3415,17,,,,2,
2020-05-01,55,526,0,80,1,5,36423,3336,32,,,,3,
2020-05-02,43,569,0,105,2,7,38017,1594,37,,,,3,
2020-05-03,51,620,0,109,0,7,39461,1444,37,,,,3,
2020-05-04,61,681,0,150,2,9,41406,1945,36,,,,3,
2020-05-05,65,746,0,179,0,9,43787,2381,34,,,,3,
2020-05-06,63,809,0,184,2,11,46507,2720,44,,,,2,
2020-05-07,67,876,0,240,1,12,48810,2303,53,,,,2,
2020-05-08,73,949,0,262,0,12,51568,2758,54,,,,2,
2020-05-09,76,1025,44,306,2,14,55160,3592,48,,,,3,
2020-05-10,75,1100,1,307,1,15,56952,1792,51,,,,3,43
2020-05-11,71,1171,7,314,0,15,58274,1322,55,,,,2,45
2020-05-12,55,1226,14,338,1,16,60243,1969,55,,,,1,46
2020-05-13,74,1300,66,404,0,16,62933,2690,51,,,,1,
2020-05-14,76,1376,51,455,0,16,65842,2909,61,,,,1,
2020-05-15,71,1447,72,527,2,18,69170,3328,61,,,,1,
2020-05-16,64,1511,83,610,2,20,71892,2722,61,,,,2,49
2020-05-17,70,1581,28,638,0,20,73722,1830,56,,,,3,46
2020-05-18,71,1652,0,638,0,20,75132,1410,65,,,12,1,43
2020-05-19,76,1728,54,692,2,22,78026,2894,62,,,15,1,41
2020-05-20,77,1805,48,730,0,23,81554,3528,64,,,18,1,45
2020-05-21,76,1881,43,773,1,25,85268,3714,71,,,18,2,
2020-05-22,79,1960,53,826,2,25,89262,3994,67,,,17,1,44
2020-05-23,83,2043,56,882,2,27,92113,2851,61,,,19,2,47
2020-05-24,81,2124,9,891,2,29,93543,1430,69,,,14,3,51
2020-05-25,89,2213,0,891,0,29,95385,1842,66,,,0,1,49
2020-05-26,87,2300,0,891,1,30,98551,3166,59,,,17,1,49
2020-05-27,97,2397,11,902,1,31,101543,2992,64,,,19,1,42
2020-05-28,96,2493,53,955,0,31,104264,2721,70,,,18,1,46
2020-05-29,103,2596,62,1017,0,31,107491,3227,62,,,17,1,43
2020-05-30,109,2705,72,1089,1,32,110528,3037,66,,,15,2,44
2020-05-31,104,2809,30,1119,0,32,111873,1345,64,,,18,3,42
2020-06-01,105,2914,10,1129,1,33,114483,2610,67,,,18,1,45
2020-06-02,106,3020,85,1204,1,34,118027,3544,67,,,18,1,42
2020-06-03,102,3122,27,1262,0,34,122124,4097,72,,,19,1,40
2020-06-04,104,3226,44,1306,2,36,125010,2886,75,,,20,1,43
2020-06-05,108,3334,0,1306,2,38,128318,3308,42,,,21,1,42
2020-06-06,107,3441,13,1369,2,40,132319,4001,37,,,18,2,42
2020-06-07,105,3546,17,1386,1,41,133246,927,39,,,19,3,42
2020-06-08,102,3648,69,1455,1,42,135609,2363,37,,,20,1,41
2020-06-09,104,3752,97,1552,2,44,138803,3194,41,,,24,1,41
2020-06-10,106,3858,167,1719,2,46,142045,3242,46,,,20,1,
2020-06-11,102,3960,188,1907,2,48,145699,3654,46,,,19,1,42
2020-06-12,109,4069,143,2050,2,50,149028,3329,49,,,19,2,40
2020-06-13,108,4177,98,2148,3,53,151215,2187,48,,,15,2,42
2020-06-14,108,4285,45,2193,2,55,153701,2486,55,,,21,3,
2020-06-15,109,4394,83,2276,2,57,154895,1194,47,,,20,1,38
2020-06-16,103,4497,111,2387,3,60,157817,2922,57,,,15,1,
2020-06-17,107,4604,113,2502,2,62,160987,3170,49,,,16,1,37
2020-06-18,107,4711,128,2630,1,63,164479,3492,59,,,15,1,38
2020-06-19,108,4819,85,2715,2,65,168736,4257,58,,,14,1,37
2020-06-20,109,4928,85,2715,3,68,172200,3464,62,,,16,2,38
2020-06-21,105,5033,54,2769,2,70,173340,1140,77,,,15,2,35
2020-06-22,109,5142,21,2790,2,72,174522,1182,69,,,16,1,37
2020-06-23,106,5248,103,2893,4,76,178815,4293,81,,,13,1,
2020-06-24,108,5356,141,3034,2,78,181259,2444,83,,,12,2,34
2020-06-25,102,5458,24,3058,4,82,184548,3289,86,,,13,1,36
2020-06-26,108,5566,158,3216,1,83,190134,5586,90,,,16,1,34
2020-06-27,105,5671,86,3302,4,87,194128,3994,87,,,13,2,33
2020-06-28,98,5769,86,3368,4,91,196740,2612,80,,,14,3,33
2020-06-29,107,5876,24,3392,2,93,198486,1746,78,,,14,1,30
2020-06-30,109,5985,104,3496,3,96,204095,5609,88,,,18,1,33
2020-07-01,100,6085,122,3618,3,99,208076,3981,69,,,14,2,32
2020-07-02,92,6177,96,3714,2,101,210157,2081,85,,,14,1,30
2020-07-03,105,6282,138,3852,4,105,215026,4869,80,,,14,1,32
2020-07-04,111,6393,172,4024,0,109,218871,3845,85,,,14,2,30
2020-07-05,112,6505,31,4071,7,112,222574,3703,83,,,14,2,32
2020-07-06,106,6611,74,4145,4,116,224135,1561,88,,,15,1,32
2020-07-07,113,6724,155,4300,4,120,229236,5101,89,,,14,1,32
2020-07-08,107,6831,207,4507,4,124,233272,4036,89,,,14,1,30
2020-07-09,101,6932,170,4677,4,128,236798,3526,86,,,10,1,30
2020-07-10,111,7043,191,4868,5,133,241242,4444,85,,,18,1,27
2020-07-11,110,7153,215,5083,4,137,245923,4681,95,,,12,2,25
2020-07-12,121,7274,81,5164,5,142,247388,1465,95,,,19,2,22
2020-07-13,112,7386,35,5199,4,146,247963,575,77,,,15,1,
2020-07-14,119,7505,168,5367,2,148,253324,5361,84,,,15,1,
2020-07-15,103,7608,190,5557,4,152,257593,4269,81,,,15,1,
2020-07-16,120,7728,222,5779,3,155,262772,5179,95,,,15,1,
2020-07-17,117,7845,89,5868,5,160,267091,4319,89,,,12,1,
2020-07-18,114,7959,146,6014,3,163,270258,3167,82,,,10,2,
2020-07-19,118,8077,118,6014,5,168,272597,2339,83,,,16,2,
2020-07-20,109,8186,55,6203,3,171,275323,2726,73,,,13,1,
2020-07-21,102,8288,96,6299,6,177,280245,4922,81,,,11,1,
2020-07-22,113,8401,91,6390,2,179,283714,3469,79,,,13,1,
2020-07-23,110,8511,108,6498,5,184,288187,4473,79,,,14,1,
2020-07-24,105,8616,117,6615,6,190,292290,4103,86,,,13,1,
2020-07-25,101,8717,112,6727,6,196,296658,4368,81,,,15,2,
2020-07-26,109,8826,42,6769,4,200,297929,1271,79,,,13,2,
2020-07-27,104,8930,58,6827,6,206,298609,680,73,,,14,1,
2020-07-28,103,9033,183,7010,5,211,303777,5168,74,,,7,1,
2020-07-29,107,9140,212,7222,7,218,307103,3326,69,,,11,1,
2020-07-30,101,9241,203,7425,5,223,312054,4951,74,,,11,1,
2020-07-31,105,9346,217,7642,7,230,315145,3091,70,,,12,1,
2020-08-01,98,9444,188,7830,4,234,320647,5502,78,,,12,2,
2020-08-02,104,9548,92,7922,6,240,322107,1460,79,,,14,2,27
2020-08-03,106,9654,84,8006,6,246,322635,528,72,,,15,1,27
2020-08-04,95,9749,102,8108,5,251,326955,4320,76,,,12,1,
2020-08-05,97,9846,87,8194,4,255,330914,3959,62,,,15,1,
2020-08-06,93,9939,72,8266,7,262,334999,4085,67,,,10,1,
2020-08-07,92,10031,76,8342,7,269,338745,3746,66,,,9,1,
2020-08-08,99,10130,84,8426,4,273,344386,5641,62,,,12,2,26
2020-08-09,52,10182,33,8459,7,280,346116,1730,64,,,10,2,24
2020-08-10,87,10269,28,8487,5,285,346596,480,50,,,10,1,27
2020-08-11,65,10334,137,8624,7,292,349987,3391,55,,,14,1,26
2020-08-12,64,10398,146,8770,5,297,352856,2869,48,,,10,1,25
2020-08-13,53,10451,152,8922,6,303,358106,5250,42,,,11,1,26
2020-08-14,67,10518,163,9085,3,306,362216,4110,52,,,10,1,26
2020-08-15,56,10574,94,9179,3,309,366855,4639,58,,,11,2,28
2020-08-16,47,10621,87,9266,4,312,368670,1815,58,,,19,2,25
2020-08-17,53,10674,67,9333,3,315,369635,965,58,,,12,1,25
2020-08-18,50,10724,52,9385,4,319,374283,4648,57,,,11,1,25
2020-08-19,51,10775,73,9458,5,324,377692,3409,60,,,13,1,27
2020-08-20,44,10819,69,9527,5,329,381806,4114,52,,,11,1,
2020-08-21,53,10872,54,9851,6,335,385503,3697,53,,,10,1,25
2020-08-22,56,10928,53,9634,3,338,389660,4157,49,,,12,2,25
2020-08-23,50,10978,42,9676,1,339,391806,2146,49,,,14,2,29
2020-08-24,57,11035,57,9733,2,341,392146,340,47,,,14,1,26
2020-08-25,59,11094,61,9794,3,344,395842,3696,50,,,12,1,
2020-08-26,47,11141,50,9844,2,346,400270,4428,49,,,9,1,26
2020-08-27,51,11192,48,9892,3,349,403252,2982,43,,,11,1,26
2020-08-28,46,11238,38,9930,3,352,407653,4401,39,,,10,1,27
2020-08-29,51,11289,43,9973,2,354,412094,4441,50,,,12,2,26
2020-08-30,55,11344,49,10022,1,355,413566,1472,45,,,13,2,27
2020-08-31,60,11404,51,10073,3,358,416983,3417,45,,,9,1,26
2020-09-01,52,11456,93,10166,3,361,420344,3361,48,,,11,1,26
2020-09-02,45,11501,63,10229,3,364,424936,4592,33,,,12,1,26
2020-09-03,50,11551,58,10287,3,367,429449,4513,43,,,14,1,27
2020-09-04,56,11607,37,10324,4,371,433487,4038,35,,,11,1,26
2020-09-05,63,11670,89,10413,5,376,437107,3620,43,,,12,2,26
2020-09-06,57,11727,57,10470,2,378,438687,1580,39,,,11,3,29
2020-09-07,50,11777,48,10518,0,378,439442,755,39,,,14,1,26
2020-09-08,52,11829,63,10581,3,381,444702,5260,49,,,11,1,26
2020-09-09,56,11885,59,10640,3,384,448837,4135,38,,,12,1,23
2020-09-10,56,11941,72,10712,3,387,452652,3815,41,,,13,1,27
2020-09-11,53,11994,63,10775,2,389,455719,3067,33,,,11,1,24
2020-09-12,50,12044,58,10833,1,390,459812,4093,47,,,12,2,23
2020-09-13,49,12093,23,10856,4,394,460832,1020,47,,,9,2,25
2020-09-14,55,12148,19,10875,3,397,461732,900,43,,,14,1,27
2020-09-15,59,12207,59,10934,1,398,468497,6765,40,,,10,1,26
2020-09-16,53,12260,82,11016,3,401,472410,3913,44,,,12,1,24
2020-09-17,47,12307,96,11112,2,403,475838,3428,46,,,15,1,24
2020-09-18,49,12356,93,11205,4,407,479779,3941,34,,,12,1,24
2020-09-19,54,12410,84,11289,3,410,484646,4867,43,,,14,2,22
2020-09-20,61,12471,34,11323,3,413,486115,1469,34,,,13,2,24
2020-09-21,55,12526,44,11367,4,417,486827,712,45,,,13,1,
2020-09-22,61,12587,78,11445,3,420,490268,3441,36,,,11,1,23
2020-09-23,65,12652,92,11537,5,425,495513,5245,38,,,11,1,24
2020-09-24,63,12715,73,11610,3,428,499757,4244,37,,,10,1,22
2020-09-25,67,12782,78,11688,4,432,503641,3884,40,,,12,1,24
2020-09-26,72,12854,84,11772,3,435,508507,4866,47,,,13,2,23
2020-09-27,76,12930,46,11818,4,439,509748,1241,49,,,15,2,24
2020-09-28,69,12999,41,11859,2,441,511272,1524,59,,,14,1,24
2020-09-29,71,13070,63,11922,4,445,516938,5666,55,,,12,1,24
2020-09-30,77,13147,51,11973,4,449,523729,6791,51,,,12,1,23
2020-10-01,82,13229,49,12022,5,454,530161,6432,56,,,12,1,25
2020-10-02,84,13313,42,12064,3,457,535595,5434,51,,,12,1,24
2020-10-03,79,13392,53,12117,4,461,542567,6972,59,,,12,2,26
2020-10-04,77,13469,32,12149,3,464,543894,1327,62,,,12,3,
2020-10-05,73,13542,28,12177,5,469,545972,2078,54,,,13,1,27
2020-10-06,78,13620,54,12231,4,473,550794,4822,59,,,14,1,27
2020-10-07,82,13702,63,12294,3,476,557944,7150,63,,,12,1,26
2020-10-08,92,13794,58,12352,5,481,564322,6378,86,,,14,1,27
2020-10-09,82,13876,46,12398,2,483,569999,5677,84,,,16,1,27
2020-10-10,95,13971,42,12440,5,488,577154,7155,90,,,14,2,28
2020-10-11,118,14089,31,12471,3,491,579986,2832,104,,,18,3,
2020-10-12,115,14204,37,12508,5,496,582122,2136,110,,,14,1,27
2020-10-13,114,14318,95,12603,5,501,589794,7672,119,,,14,1,26
2020-10-14,120,14438,98,12701,6,507,597935,8141,101,,,15,1,
2020-10-15,127,14565,96,12797,6,513,604482,6547,121,,,15,1,
2020-10-16,129,14694,92,12889,6,519,610985,6503,106,,,15,1,26
2020-10-17,135,14829,88,12977,5,524,617127,6142,122,,,15,2,26
2020-10-18,149,14978,56,13033,4,528,620054,2927,120,,,16,3,28
2020-10-19,157,15135,48,13081,5,533,626153,6099,122,,,18,1,25
2020-10-20,169,15304,86,13167,6,539,631983,5830,120,,,17,1,
2020-10-21,186,15490,92,13259,3,542,637950,5967,123,,,17,1,27
2020-10-22,180,15670,94,13353,6,548,643458,5508,118,,,17,1,26
2020-10-23,175,15845,98,13451,4,552,650213,6755,124,,,18,1,26
2020-10-24,179,16024,87,13538,5,557,657641,7428,131,,,19,2,26
2020-10-25,181,16205,55,13593,3,560,662123,4482,138,,,24,3,26
2020-10-26,177,16382,58,13651,6,566,668393,6270,137,,,23,2,
2020-10-27,183,16565,115,13766,3,569,676263,7870,136,,,22,1,28
2020-10-28,180,16745,158,13924,5,574,685746,9483,128,,,16,2,26
2020-10-29,178,16923,164,14088,4,578,693300,7554,126,,,23,2,28
2020-10-30,185,17108,142,14230,5,583,701919,8619,119,,,20,2,26
2020-10-31,182,17290,161,14391,3,586,714424,12505,118,,,22,3,
2020-11-01,177,17467,54,14445,4,590,716661,2237,115,,,28,3,26
2020-11-02,179,17646,56,14501,6,596,719040,2379,115,,,24,2,22
2020-11-03,182,17828,147,14648,4,600,725533,6493,108,,,21,2,24
2020-11-04,181,18009,172,14820,3,603,740602,15069,114,,,25,3,25
2020-11-05,180,18189,133,14953,6,609,745114,4512,128,,,26,2,24
2020-11-06,176,18365,171,15124,3,612,754418,9304,106,,,22,2,25
2020-11-07,181,18546,168,15292,5,617,764071,9653,121,,,22,3,26
2020-11-08,177,18723,98,15930,4,621,768552,4481,128,,,38,3,26
2020-11-09,174,18897,52,15442,4,625,770921,2369,139,,,26,2,25
2020-11-10,179,19076,173,15615,5,630,782886,11965,142,,,26,2,26
2020-11-11,185,19261,176,15791,3,633,791343,8457,146,,,24,2,27
2020-11-12,178,19439,144,15935,7,640,801007,9664,142,,,25,2,25
2020-11-13,184,19623,128,16063,4,644,811239,10232,174,,,26,2,26
2020-11-14,186,19809,161,16224,4,648,821562,10323,166,,,26,2,25
2020-11-15,176,19985,83,16307,7,655,825313,3751,157,,,32,3,25
2020-11-16,174,20159,72,16379,5,660,828925,3612,182,,,25,1,26
2020-11-17,179,20338,136,16515,6,666,839680,10755,177,,,34,1,25
2020-11-18,182,20520,154,16669,4,670,847276,7596,198,,,30,1,25
2020-11-19,176,20696,167,16836,7,677,856680,9404,202,,,30,1,
2020-11-20,186,20882,177,17013,5,682,863516,6836,205,,,25,1,26
2020-11-21,183,21065,156,17169,5,687,875111,11595,203,,,31,2,23
2020-11-22,178,21243,94,17263,6,693,880233,5122,195,,,32,3,23
2020-11-23,172,21415,66,17329,5,698,882447,2214,182,,,31,1,24
2020-11-24,175,21590,118,17447,6,704,892782,10335,205,,,28,1,22
2020-11-25,179,21769,179,17617,7,711,899172,6390,207,,,29,1,
2020-11-26,187,21956,193,17810,6,717,907728,8556,209,,,29,1,
2020-11-27,181,22137,188,17998,7,724,914180,6452,208,,,30,1,
2020-11-28,179,22316,196,18194,6,730,920061,5881,209,,,28,2,
2020-11-29,176,22492,104,18298,6,736,924174,4113,186,,,32,3,
2020-11-30,179,22671,110,18408,7,743,927011,2837,198,,,31,1,
2020-12-01,177,22848,166,18574,7,750,933241,6230,189,,,30,1,
2020-12-02,182,23030,179,18753,6,756,938871,5630,199,,,29,1,
2020-12-03,186,23216,154,18907,8,764,944180,5309,190,,,28,1,
2020-12-04,176,23392,195,19102,7,771,951918,7738,184,,,33,1,12
2020-12-05,179,23571,198,19300,8,779,959198,7280,209,,,35,2,
2020-12-06,180,23751,108,19408,7,786,961123,1925,193,,,33,3,
2020-12-07,178,23929,94,19502,6,792,961775,652,204,,,35,1,
2020-12-08,174,24103,197,19699,6,798,969478,7703,199,,,33,1,
2020-12-09,168,24271,192,19891,8,806,973840,4362,194,,,32,1,
2020-12-10,170,24441,190,20081,7,813,979569,5729,194,,,34,1,
2020-12-11,172,24613,216,20297,7,820,985645,6076,151,,,33,1,
2020-12-12,169,24782,224,20521,6,826,993120,7475,180,,,29,2,
2020-12-13,168,24950,121,20642,7,833,994721,1601,178,,,40,3,
2020-12-14,170,25120,96,20738,6,839,996076,1355,166,,,33,1,
2020-12-15,168,25288,206,20994,7,846,1003639,7563,173,,,32,1,
2020-12-16,163,25451,215,21159,7,853,1008419,4780,150,,,33,1,
2020-12-17,167,25618,208,21367,7,860,1013586,5167,134,,,34,1,
2020-12-18,171,25789,203,21570,6,866,1019314,5728,158,,,34,1,
2020-12-19,166,25955,228,21798,8,874,1026864,7550,174,,,32,2,
2020-12-20,169,26124,109,21907,7,881,1029064,2200,175,,,38,3,
2020-12-21,165,26289,98,22005,7,888,1029415,351,174,,,35,1,
2020-12-22,166,26455,216,22221,7,895,1036260,6845,167,,,36,1,
2020-12-23,161,26616,233,22454,7,902,1040503,4243,167,,,27,1,
2020-12-24,158,26774,229,22683,7,909,1046625,6122,175,1280,,37,1,
2020-12-25,165,26939,217,22900,9,918,1051883,5258,174,,,34,1,
2020-12-26,160,27099,231,23131,7,925,1057107,5224,169,,,42,3,22
2020-12-27,157,27256,93,23224,8,933,1058438,1331,159,,,34,3,22
2020-12-28,155,27411,95,23319,8,941,1059112,674,152,,,34,2,
2020-12-29,156,27567,214,23533,9,950,1065906,6794,148,,,27,1,23
2020-12-30,153,27720,225,23758,8,958,1069841,3935,144,1900,,36,1,21
2020-12-31,149,27869,238,23996,9,967,1076039,6198,131,,,41,3,22
2021-01-01,152,28021,244,24240,7,974,1079842,3803,147,,,36,4,21
2021-01-02,154,28175,127,24367,9,983,1080222,380,152,,,38,4,
2021-01-03,150,28325,151,24518,8,991,1080825,603,152,,,41,3,22
2021-01-04,146,28471,193,24711,9,1000,1082066,1241,151,,,41,3,20
2021-01-05,142,28613,187,24898,8,1008,1084739,2673,154,,,36,3,
2021-01-06,141,28754,209,25107,7,1015,1086666,1927,158,,,38,3,21
2021-01-07,146,28900,221,25328,9,1024,1090649,3983,160,,,38,3,
2021-01-08,143,29043,92,25420,7,1031,1091430,781,162,,,39,3,
2021-01-09,139,29182,203,25623,9,1040,1096388,4958,176,,,42,3,20
2021-01-10,140,29322,111,25734,7,1047,1099953,3565,170,,,38,3,
2021-01-11,138,29460,189,25923,8,1055,1105348,5395,171,,,39,1,20
2021-01-12,136,29596,214,26137,9,1064,1112110,6762,145,,,39,1,21
2021-01-13,140,29736,228,26365,9,1073,1115659,3549,149,2670,,35,1,21
2021-01-14,144,29880,232,26597,8,1081,1121190,5531,141,,,35,1,20
2021-01-15,139,30019,226,26823,8,1089,1126401,5211,90,,,33,1,19
2021-01-16,146,30165,237,27060,9,1098,1132057,5656,96,,,44,2,16
2021-01-17,142,30307,101,27161,7,1105,1133556,1499,130,,,47,3,
2021-01-18,138,30445,97,27258,9,1114,1134529,973,141,4194,,39,1,18
2021-01-19,142,30587,188,27446,8,1122,1141637,7108,138,,,37,1,
2021-01-20,144,30731,209,27655,7,1129,1145419,3782,138,5000,,36,1,20
2021-01-21,147,30878,223,27878,10,1139,1150552,5133,127,5806,,37,1,
2021-01-22,140,31018,211,28089,9,1148,1155161,4609,129,,,44,1,19
2021-01-23,137,31155,218,28307,7,1155,1161410,6249,137,,,32,2,18
2021-01-24,135,31290,94,28401,10,1165,1162988,1578,138,,,47,3,
2021-01-25,134,31424,90,28491,8,1173,1163819,831,132,9748,,36,2,19
2021-01-26,131,31555,197,28688,10,1183,1169994,6175,152,,,37,2,
2021-01-27,138,31693,208,28896,8,1191,1174397,4403,100,,,35,1,18
2021-01-28,134,31827,214,29110,10,1201,1179057,4660,104,14146,2500,36,1,19
2021-01-29,139,31966,220,29330,8,1209,1183181,4124,113,14610,2613,40,1,18
2021-01-30,136,32102,228,29558,7,1216,1188815,5634,113,,,37,2,20
2021-01-31,133,32235,97,29655,9,1225,1190277,1462,115,,,41,3,20
2021-02-01,134,32369,92,29747,8,1233,1191478,1201,109,,,38,1,
2021-02-02,132,32501,202,29949,10,1243,1197179,5701,102,14797,2958,35,1,15
2021-02-03,135,32636,206,30155,7,1250,1201542,4363,103,,,37,1,15
2021-02-04,134,32770,213,30368,10,1260,1205536,3994,113,,,33,1,16
2021-02-05,131,32901,219,30587,7,1267,1210446,4910,98,15000,,40,1,16
2021-02-06,127,33028,207,30587,6,1273,1216648,6202,123,16781,3416,34,2,
2021-02-07,125,33153,91,30885,8,1281,1218106,1458,103,,,36,3,15
2021-02-08,128,33281,94,30979,7,1288,1218444,338,124,,,35,1,
2021-02-09,130,33411,215,31194,8,1296,1224476,6032,120,,,33,1,14
2021-02-10,134,33545,215,31402,6,1302,1229555,5079,119,25000,5000,37,1,14
2021-02-11,131,33676,202,31604,7,1309,1234079,4524,116,30638,6000,34,1,15
2021-02-12,127,33803,103,31707,6,1315,1237506,3427,125,,,37,1,15
2021-02-13,128,33931,94,31801,9,1324,1241130,3624,124,,,35,3,15
2021-02-14,121,34052,67,31868,6,1330,1242515,1385,131,,,38,3,15
2021-02-15,123,34175,41,31909,8,1338,1247325,4810,127,32707,7477,30,1,11
2021-02-16,120,34295,73,31982,7,1345,1253144,5819,100,35629,11117,39,1,12
2021-02-17,126,34421,79,32061,7,1352,1258106,4962,107,,,36,1,11
2021-02-18,121,34542,84,32145,9,1361,1262494,4388,103,41784,13638,36,1,12
2021-02-19,118,34660,81,32226,7,1368,1267290,4796,90,44823,14261,36,1,12
2021-02-20,124,34784,79,32305,9,1377,1273329,6039,85,,,33,1,12
2021-02-21,128,34912,51,32356,6,1383,1278285,4956,98,,,43,3,14
2021-02-22,119,35031,32,32388,8,1391,1279053,768,96,,,38,3,
2021-02-23,115,35146,24,32412,6,1397,1280372,1319,96,,,33,3,14
2021-02-24,112,35258,48,32460,9,1406,1280751,379,95,53007,14535,42,1,13
2021-02-25,118,35376,97,32557,8,1414,1285769,5018,87,,,37,1,13
2021-02-26,123,35499,102,32659,7,1421,1293591,7822,88,59682,16241,43,1,11
2021-02-27,120,35619,110,32769,9,1430,1298981,5390,90,,,34,2,11
2021-02-28,114,35733,55,32824,6,1436,1300683,1702,90,,,47,3,11
2021-03-01,111,35844,61,32885,8,1444,1301664,981,94,,,41,1,12
2021-03-02,115,35959,110,32995,8,1452,1306784,5120,91,63498,20693,42,1,11
2021-03-03,107,36066,112,33107,9,1461,1312507,5723,90,67315,25908,44,1,10
2021-03-04,100,36166,107,33214,6,1467,1316959,4452,93,,,38,1,10
2021-03-05,106,36272,115,33329,8,1475,1323567,6608,100,73710,30693,41,1,
2021-03-06,109,36381,124,33453,7,1482,1328070,4503,99,,,30,2,12
2021-03-07,102,36483,48,33501,7,1489,1329630,1560,103,,,59,2,10
2021-03-08,100,36583,52,33553,6,1495,1330667,1037,100,,,38,3,11
2021-03-09,104,36687,37,33590,8,1503,1331518,851,98,73800,30693,38,1,10
2021-03-10,102,36789,96,33686,7,1510,1336947,5429,87,,,35,1,10
2021-03-11,97,36886,104,33790,6,1516,1340540,3593,92,,,40,1,11
2021-03-12,100,36986,108,33898,5,1521,1345483,4943,98,82875,43000,42,1,10
2021-03-13,103,37089,117,34015,4,1525,1349636,4153,95,,,32,2,
2021-03-14,98,37187,84,34099,6,1531,1351981,2345,91,,,50,3,11
2021-03-15,95,37282,75,34174,5,1536,1352964,983,88,,,40,1,12
2021-03-16,101,37383,110,34284,6,1542,1358163,5199,92,,,36,1,11
2021-03-17,92,37475,119,34403,5,1547,1362645,4482,92,,,38,1,11
2021-03-18,90,37565,132,34535,6,1553,1367085,4440,96,89215,54732,37,1,11
2021-03-19,97,37662,127,34662,5,1558,1372603,5518,86,,,36,1,10
2021-03-20,104,37766,156,34818,6,1564,1377034,4431,84,,,37,2,11
2021-03-21,96,37862,51,34869,5,1569,1378612,1578,82,,,49,3,11
2021-03-22,91,37953,67,34936,5,1574,1379140,528,76,90296,58109,41,1,12
2021-03-23,93,38046,146,35082,6,1580,1385004,5864,77,,,38,1,11
2021-03-24,87,38133,137,35219,5,1585,1388737,3733,84,,,33,1,12
2021-03-25,93,38226,136,35355,6,1591,1392872,4135,78,93368,67198,38,1,12
2021-03-26,101,38327,119,35474,7,1598,1397303,4431,77,,,41,1,12
2021-03-27,94,38421,139,35613,5,1603,1401934,4631,78,,,35,2,12
2021-03-28,85,38506,53,35666,5,1608,1404439,2505,74,95491,70772,42,3,11
2021-03-29,87,38593,41,35707,6,1614,1405906,1467,85,97448,73433,41,1,
2021-03-30,85,38678,114,35821,5,1619,1409354,3448,70,,,38,1,11
2021-03-31,80,38758,128,35949,6,1625,1413536,4182,71,100461,76317,37,1,
2021-04-01,73,38831,103,36052,5,1630,1417565,4029,70,103000,78909,35,1,13
2021-04-02,82,38913,98,36150,6,1636,1422571,5006,74,,,43,1,
2021-04-03,84,38997,119,36269,5,1641,1426865,4294,64,,,47,2,11
2021-04-04,79,39076,42,36311,5,1646,1429179,2314,65,,,56,3,
2021-04-05,75,39151,79,36351,6,1652,1430608,1429,64,111132,82037,50,1,13
2021-04-06,79,39230,97,36448,6,1658,1434086,3478,62,115983,84156,47,1,11
2021-04-07,82,39312,106,36554,4,1662,1437685,3599,57,,,52,1,11
2021-04-08,71,39383,103,36657,5,1667,1441363,3678,64,120000,85000,54,1,13
2021-04-09,80,39463,98,36755,4,1671,1445535,4172,58,,,52,1,13
2021-04-10,87,39550,109,36864,5,1676,1449820,4285,52,,,58,2,12
2021-04-11,78,39628,53,36917,4,1680,1451823,2003,58,,,61,2,13
2021-04-12,73,39701,42,36959,4,1684,1453014,1191,62,139692,88451,36,1,13
2021-04-13,79,39780,96,37055,4,1688,1456302,3288,71,142514,90107,40,1,13
2021-04-14,85,39865,93,37148,3,1691,1460275,3973,78,,,49,1,13
2021-04-15,80,39945,86,37234,4,1695,1464853,4578,73,152178,92102,48,1,13
2021-04-16,82,40027,61,37295,5,1700,1469531,4678,69,157184,94416,48,1,
2021-04-17,76,40103,48,37343,4,1704,1473727,4196,66,,,55,2,14
2021-04-18,72,40175,19,37362,3,1707,1476102,2375,67,,,49,3,13
2021-04-19,70,40245,15,37377,4,1711,1477629,1527,62,,,47,1,13
2021-04-20,74,40319,44,37421,4,1715,1481157,3528,63,169551,97989,48,1,12
2021-04-21,81,40400,39,37460,4,1719,1484930,3773,57,,,49,1,13
2021-04-22,85,40485,47,37507,4,1723,1489094,4164,55,179000,102000,53,1,
2021-04-23,80,40565,42,37549,4,1727,1493758,4664,59,,,55,1,13
2021-04-24,76,40641,52,37601,4,1731,1497938,4180,60,,,60,2,13
2021-04-25,74,40715,12,37613,3,1734,1499671,1733,59,,,57,2,14
2021-04-26,71,40786,17,37630,3,1737,1501209,1538,56,192518,110806,57,1,12
2021-04-27,75,40861,36,37666,5,1742,1504702,3493,54,,,64,1,12
2021-04-28,79,40940,31,37697,4,1746,1508670,3968,49,,,55,1,13
2021-04-29,74,41014,44,37741,4,1750,1512708,4038,56,208000,122000,58,1,13
2021-04-30,70,41084,48,37789,4,1754,1517744,5036,56,214390,126590,55,0,12
2021-05-01,78,41162,41,37830,4,1758,1522017,4273,56,,,62,2,
2021-05-02,76,41238,16,37846,3,1761,1523942,1925,33,,,61,2,13
2021-05-03,72,41310,11,37857,4,1765,1525610,1668,45,,,58,2,
2021-05-04,75,41385,13,37870,3,1768,1527105,1495,44,,,60,1,13
2021-05-05,78,41463,27,37897,4,1772,1529552,2447,49,,,56,1,13
2021-05-06,73,41536,49,37946,5,1777,1532576,3024,48,229855,145939,60,1,14
2021-05-07,69,41605,58,38004,3,1780,1536459,3883,38,234127,150304,54,1,13
2021-05-08,65,41670,55,38059,4,1784,1539915,3456,45,,,66,2,14
2021-05-09,72,41742,16,38075,3,1787,1542083,2168,40,,,62,2,15
2021-05-10,67,41809,13,38088,5,1792,1543841,1758,40,,,60,2,14
2021-05-11,69,41878,14,38102,4,1796,1547158,3317,51,239000,156683,60,0,12
2021-05-12,71,41949,54,38156,5,1801,1550749,3591,62,240863,159336,59,0,12
2021-05-13,68,42017,67,38223,4,1805,1554672,3923,58,,,59,0,13
2021-05-14,74,42091,73,38296,4,1809,1559683,5011,48,253000,178000,58,0,14
2021-05-15,77,42168,75,38371,3,1812,1564431,4748,51,,,61,2,17
2021-05-16,73,42241,34,38405,4,1816,1566652,2221,52,,,63,2,14
2021-05-17,65,42306,28,38433,4,1820,1568246,1594,48,,,59,0,
2021-05-18,67,42373,67,38500,5,1825,1572011,3765,59,,,62,0,14
2021-05-19,73,42446,81,38581,4,1829,1575516,3505,55,,,64,0,16
2021-05-20,70,42516,69,38640,3,1832,1579321,3805,61,,,59,1,17
2021-05-21,69,42585,65,38705,4,1836,1583725,4404,57,279698,208896,62,0,17
2021-05-22,75,42660,59,38764,5,1841,1587569,3844,55,,,67,2,17
2021-05-23,72,42732,21,38785,4,1845,1589544,1975,55,,,65,2,14
2021-05-24,69,42801,25,38810,4,1849,1590773,1229,58,,,63,1,15
2021-05-25,74,42875,56,38866,5,1854,1594469,3696,58,290097,213160,62,0,14
2021-05-26,76,42951,64,38930,4,1858,1598188,3719,56,,,59,0,16
2021-05-27,69,43020,72,39002,4,1862,1601953,3765,57,298772,221893,60,0,14
2021-05-28,75,43095,74,39076,4,1866,1606851,4898,67,302708,226416,62,1,12
2021-05-29,79,43174,77,39153,3,1869,1612507,5656,69,,,66,2,12
2021-05-30,77,43251,29,39182,5,1874,1617047,4540,74,,,64,2,14
2021-05-31,74,43325,33,39215,4,1878,1618898,1851,67,,,63,0,13
2021-06-01,76,43401,78,39293,6,1884,1625449,6551,63,311216,233822,61,0,14
2021-06-02,79,43480,86,39379,5,1889,1630546,5097,58,,,62,0,13
2021-06-03,75,43555,84,39463,5,1894,1635607,5061,61,319000,241000,62,1,
2021-06-04,85,43640,102,39565,5,1899,1642763,7156,64,,,62,1,13
2021-06-05,92,43732,77,39642,4,1903,1648808,6045,64,,,66,2,15
2021-06-06,87,43819,32,39674,4,1907,1652818,4010,63,,,63,2,15
2021-06-07,73,43892,37,39711,6,1913,1655406,2588,66,327697,252607,59,1,15
2021-06-08,78,43970,84,39795,5,1918,1660774,5368,67,,,65,0,14
2021-06-09,86,44056,87,39882,5,1923,1667881,7107,74,,,59,1,15
2021-06-10,99,44155,91,39973,5,1928,1676582,8701,80,339531,267275,65,1,16
2021-06-11,103,44258,93,40066,6,1934,1684275,7693,86,,,63,1,
2021-06-12,108,44366,61,40127,4,1938,1692516,8241,89,,,64,2,14
2021-06-13,95,44461,58,40185,5,1943,1698251,5735,100,,,69,2,
2021-06-14,84,44545,47,40232,5,1948,1701104,2853,90,,,66,2,
2021-06-15,92,44637,53,40285,6,1954,1707927,6823,87,349118,276173,64,1,
2021-06-16,99,44736,97,40382,5,1959,1713625,5698,100,,,61,1,
2021-06-17,102,44838,83,40465,6,1965,1721178,7553,120,361974,289068,65,1,
2021-06-18,120,44958,71,40536,7,1972,1729761,8583,137,,,62,1,
2021-06-19,131,45089,101,40637,8,1980,1740445,10684,138,,,61,2,
2021-06-20,144,45233,43,40690,5,1985,1745689,5244,146,,,64,2,
2021-06-21,150,45383,61,40751,7,1992,1750349,4660,151,,,58,1,
2021-06-22,146,45529,127,40878,9,2001,1759287,8938,165,382077,,63,1,
2021-06-23,154,45683,89,40967,8,2009,1768778,9491,171,,,60,1,
2021-06-24,160,45843,109,41076,5,2014,1779187,10409,206,399000,309520,56,1,
2021-06-25,151,45994,93,41169,9,2023,1791523,12336,228,,,56,1,
2021-06-26,158,46152,105,41274,6,2029,1802062,10539,236,,,68,2,
2021-06-27,162,46314,68,41342,7,2036,1809431,7369,283,,,54,2,
2021-06-28,156,46470,59,41401,9,2045,1814908,5477,326,410960,312904,60,1,
2021-06-29,161,46631,121,41522,7,2052,1825250,10342,352,,,65,1,
2021-06-30,173,46804,108,41630,11,2063,1837763,12513,346,,,57,1,
2021-07-01,178,46982,97,41727,9,2072,1848967,11204,346,,,54,1,
2021-07-02,171,47153,112,41839,7,2079,1862106,13139,366,,,38,1,
2021-07-03,180,47333,136,41975,6,2085,1874515,12409,354,,,28,2,
2021-07-04,169,47502,41,42016,10,2095,1882523,8008,362,,,62,1,
2021-07-05,173,47675,33,42049,5,2100,1890256,7733,345,466858,339250,63,1,
2021-07-06,179,47854,107,42156,8,2108,1901422,11166,356,499789,351534,67,1,
2021-07-07,185,48039,116,42274,11,2119,1914957,13535,365,,,68,1,
2021-07-08,189,48228,126,42400,8,2127,1927610,12653,351,,,61,1,
2021-07-09,178,48406,141,42541,10,2137,1942664,15054,349,,,64,2,
2021-07-10,184,48590,146,42687,7,2144,1957138,14474,356,,,69,2,
2021-07-11,179,48769,52,42739,8,2152,1965460,8322,388,,,71,1,
2021-07-12,173,48942,63,42802,9,2161,1971699,6239,376,506000,354000,67,1,
2021-07-13,184,49126,138,42940,11,2172,1982579,10880,404,,,68,1,
2021-07-14,198,49324,97,43037,8,2180,1993540,10961,424,,,72,1,
2021-07-15,193,49517,101,43138,10,2190,2003413,9873,438,522656,385934,63,1,
2021-07-16,196,49713,106,43244,8,2198,2021784,18371,425,526392,394817,69,2,18
2021-07-17,187,49900,117,43361,7,2205,2034908,13124,424,,,43,2,16
2021-07-18,179,50079,51,43412,9,2214,2042676,7768,430,,,72,1,
2021-07-19,183,50262,45,43457,6,2220,2048252,5576,431,,,69,1,16
2021-07-20,190,50452,108,43565,9,2229,2059188,10936,413,,,71,1,16
2021-07-21,201,50653,123,43688,11,2240,2071198,12010,410,,,70,1,16
2021-07-22,195,50848,137,43825,9,2249,2083487,12289,411,544000,433900,72,1,14
2021-07-23,204,51052,115,43940,9,2258,2094912,11425,401,,,63,2,18
2021-07-24,213,51265,114,44054,12,2270,2107590,12678,384,,,74,2,
2021-07-25,218,51483,51,44105,8,2278,2114960,7370,388,,,73,1,17
2021-07-26,209,51692,44,44149,9,2287,2119523,4563,387,551871,442300,72,1,15
2021-07-27,200,51892,122,44271,10,2297,2130579,11056,385,564470,461174,71,1,15
2021-07-28,205,52097,117,44388,11,2308,2141745,11166,381,,,73,1,16
2021-07-29,196,52293,104,44492,10,2318,2153949,12204,384,570000,475000,74,1,
2021-07-30,202,52495,111,44603,11,2329,2164773,10824,371,,,67,2,15
2021-07-31,209,52704,132,44735,11,2340,2177315,12542,358,,,75,2,
2021-08-01,199,52903,36,44771,8,2348,2183921,6606,353,,,73,1,15
2021-08-02,195,53098,42,44813,10,2358,2188124,4203,350,574000,482000,74,1,14
2021-08-03,201,53299,142,44955,9,2367,2195724,7600,349,581000,493000,73,1,14
2021-08-04,204,53503,147,45102,12,2379,2205094,9370,338,590850,502942,72,1,14
2021-08-05,197,53700,153,45255,9,2388,2214072,8978,325,,,74,1,12
2021-08-06,190,53890,138,45393,11,2399,2224924,10852,318,,,70,2,14
2021-08-07,194,54084,131,45524,9,2408,2233206,8282,318,,,77,2,
2021-08-08,199,54283,44,45568,9,2417,2239849,6643,293,,,74,1,14
2021-08-09,196,54479,39,45607,10,2427,2243139,3290,280,,,76,1,
2021-08-10,198,54677,153,45760,12,2439,2249628,6489,276,608522,,78,1,13
2021-08-11,191,54868,139,45899,10,2449,2257312,7684,268,619180,,76,1,13
2021-08-12,187,55055,122,46021,11,2460,2264137,6825,259,624627,539175,74,1,14
2021-08-13,193,55248,127,46148,9,2469,2271927,7790,263,,,72,2,13
2021-08-14,185,55433,144,46292,13,2482,2277449,5522,201,,,76,2,
2021-08-15,181,55614,40,46332,9,2491,2282972,5523,196,,,78,1,
2021-08-16,183,55797,36,46368,10,2501,2285342,2370,197,629650,,78,1,12
2021-08-17,190,55987,117,46485,9,2510,2290878,5536,195,640913,562617,81,1,
2021-08-18,184,56171,104,46589,12,2522,2297622,6744,190,,,79,1,12
2021-08-19,187,56358,112,46701,12,2534,2303884,6262,195,649583,573068,81,1,
2021-08-20,181,56539,101,46802,9,2543,2310759,6875,194,,,77,2,12
2021-08-21,185,56724,122,46924,11,2554,2316744,5985,188,,,79,2,
2021-08-22,177,56901,39,46963,10,2564,2320528,3784,181,,,80,1,13
2021-08-23,175,57076,43,47006,12,2576,2322802,2274,179,659868,583983,78,1,
2021-08-24,180,57256,94,47100,9,2585,2328141,5339,171,,,77,1,12
2021-08-25,183,57439,105,47205,11,2596,2334691,6550,167,663688,589240,79,1,
2021-08-26,177,57616,113,47318,11,2607,2341413,6722,168,,,78,1,11
2021-08-27,174,57790,119,47437,9,2616,2348400,6987,165,674849,602987,79,2,11
2021-08-28,180,57970,121,47558,11,2627,2354549,6149,158,,,78,2,
2021-08-29,173,58143,38,47596,9,2636,2358182,3633,162,,,82,1,
2021-08-30,167,58310,32,47628,8,2644,2360811,2629,164,,,78,1,12
2021-08-31,175,58485,106,47734,13,2657,2365903,5092,160,683033,615009,80,1,11
2021-09-01,171,58656,96,47830,10,2667,2372047,6144,168,,,81,0,
2021-09-02,166,58822,110,47940,12,2679,2377527,5480,168,,,80,0,12
2021-09-03,170,58992,109,48049,9,2688,2383311,5784,167,,,78,2,
2021-09-04,173,59165,113,48162,11,2699,2388261,4950,162,,,80,2,12
2021-09-05,168,59333,33,48195,9,2708,2391005,2744,160,,,82,0,
2021-09-06,165,59498,37,48232,13,2721,2393480,2475,162,,,81,0,11
2021-09-07,169,59667,109,48341,10,2731,2398955,5475,157,,,79,0,11
2021-09-08,160,59827,115,48456,9,2740,2403410,4455,158,,,82,1,11
2021-09-09,165,59992,108,48564,12,2752,2409447,6037,148,703913,649918,81,1,10
2021-09-10,170,60162,124,48688,13,2765,2415800,6353,137,,,82,2,10
2021-09-11,174,60336,127,48815,9,2774,2421907,6107,140,,,78,2,10
2021-09-12,171,60507,31,48846,10,2784,2425778,3871,141,,,81,1,10
2021-09-13,166,60673,35,48881,12,2796,2427675,1897,147,,,80,1,10
2021-09-14,168,60841,102,48983,9,2805,2432365,4690,141,,,80,1,
2021-09-15,172,61013,118,49101,10,2815,2438912,6547,135,,,81,1,9
2021-09-16,169,61182,113,49214,13,2828,2445786,6874,132,717546,669352,81,1,8
2021-09-17,166,61348,97,49311,11,2839,2452819,7033,135,,,80,3,9
2021-09-21,165,61513,104,49599,39,2878,2470476,17657,149,724000,680000,79,3,
2021-09-22,168,61681,112,49711,13,2891,2477099,6623,157,729097,,82,2,8
2021-09-23,171,61852,108,49819,11,2902,2484090,6991,160,,,82,1,9
2021-09-24,173,62025,112,49931,13,2915,2491725,7635,168,,,78,1,9
2021-09-25,168,62193,110,50041,12,2927,2498724,6999,170,,,78,1,9
2021-09-26,164,62357,35,50076,11,2938,2502609,3885,173,,,80,1,8
2021-09-27,161,62518,39,50115,13,2951,2504756,2147,169,,,80,3,
2021-09-28,166,62684,103,50218,11,2962,2510012,5256,186,,,83,3,9
2021-09-29,172,62856,114,50322,13,2975,2516947,6935,196,,,84,2,8
2021-09-30,176,63032,105,50437,10,2985,2523753,6806,198,,,80,1,8
2021-10-01,172,63204,111,50548,12,2997,2530906,7153,205,746000,701000,82,1,7
2021-10-02,167,63371,141,50689,13,3010,2537921,7015,220,,,82,1,8
2021-10-03,171,63542,43,50732,11,3021,2541295,3374,220,,,83,1,8
2021-10-04,165,63707,37,50769,12,3033,2544669,3374,217,,,78,3,8
2021-10-05,169,63876,124,50893,11,3044,2549899,5230,230,,,83,3,9
2021-10-06,182,64058,131,51024,15,3059,2556527,6628,244,,,79,2,8
2021-10-07,190,64248,127,51151,14,3073,2563252,6725,255,757000,712000,76,1,8
2021-10-08,184,64432,144,51295,12,3085,2571041,7789,268,,,79,1,8
2021-10-09,177,64609,136,51431,15,3100,2578994,7953,267,,,79,1,8
2021-10-10,180,64789,39,51470,12,3112,2583092,4098,266,,,77,1,8
2021-10-11,174,64963,32,51502,15,3127,2585455,2363,288,,,82,3,7
2021-10-12,178,65141,129,51631,13,3140,2591229,5774,292,,,80,3,7
2021-10-13,191,65332,131,51762,9,3149,2598850,7621,277,,,79,2,7
2021-10-14,208,65540,122,51884,13,3162,2605378,6528,280,772000,724000,80,1,7
2021-10-15,256,65796,142,52026,12,3174,2614454,9076,273,,,79,1,8
2021-10-16,241,66037,146,52172,11,3185,2622381,7927,268,,,81,1,7
2021-10-17,250,66287,39,52211,8,3193,2627832,5451,278,,,78,1,7
2021-10-18,245,66532,34,52245,16,3209,2630876,3044,290,782234,730575,79,3,8
2021-10-19,257,66789,122,52367,8,3217,2638065,7189,291,,,80,3,8
2021-10-20,271,67060,130,52497,15,3232,2646296,8231,304,,,79,2,
2021-10-21,291,67351,126,52623,17,3249,2655364,9068,303,822368,752554,79,1,6
2021-10-22,282,67633,147,52770,16,3265,2666207,10843,312,,,80,1,
2021-10-23,294,67927,152,52922,9,3274,2675902,9695,302,,,79,1,8
2021-10-24,281,68208,45,52967,13,3287,2681631,5729,310,,,80,1,7
2021-10-25,267,68475,39,53006,15,3302,2684315,2684,314,,,80,3,8
2021-10-26,295,68770,134,53140,11,3313,2692052,7737,305,,,81,3,8
2021-10-27,319,69089,172,53312,11,3324,2701820,9768,297,,,80,2,9
2021-10-28,342,69431,166,53478,15,3339,2710710,8890,279,864300,,78,1,8
2021-10-29,337,69768,169,53647,15,3354,2722305,11595,311,,,78,1,8
2021-10-30,349,70117,188,53835,12,3366,2732707,10402,313,890000,790000,79,1,9
2021-10-31,340,70457,49,53884,14,3380,2739986,7279,306,,,81,1,9
2021-11-01,334,70791,46,53930,15,3395,2743120,3134,327,905797,799458,78,3,9
2021-11-02,345,71136,159,54089,14,3409,2749857,6737,299,,,77,3,9
2021-11-03,368,71504,183,54272,12,3421,2759605,9748,332,939916,816288,83,2,9
2021-11-04,392,71896,187,54459,14,3435,2766342,6737,313,,,76,1,9
2021-11-05,381,72277,54,54513,11,3446,2775240,8898,341,,,78,1,9
2021-11-06,390,72667,98,54611,15,3461,2781674,6434,318,,,79,1,9
2021-11-07,385,73052,83,54694,13,3474,2787381,5707,322,,,79,1,9
2021-11-08,400,73452,79,54773,12,3486,2789706,2325,341,970000,831035,80,3,9
2021-11-09,394,73846,162,54935,14,3500,2799244,9538,325,988412,842003,79,3,
2021-11-10,405,74251,179,55114,16,3516,2816267,17023,357,849747,,81,2,9
2021-11-11,399,74650,202,55316,12,3528,2826335,10068,310,1012000,856000,82,1,9
2021-11-12,407,75057,213,55529,11,3539,2838697,12362,325,,,76,1,8
2021-11-13,402,75459,209,55738,14,3553,2848816,10119,348,,,82,1,
2021-11-14,397,75856,92,55830,13,3566,2856138,7322,364,,,80,1,8
2021-11-15,402,76258,89,55919,16,3582,2858926,2788,422,,,84,3,9
2021-11-16,409,76667,128,56047,13,3595,2867023,8097,350,,,85,3,
2021-11-17,395,77062,93,56140,15,3610,2876049,9026,329,,,81,2,8
2021-11-18,404,77466,102,56242,14,3624,2887252,11203,336,,,79,1,9
2021-11-19,400,77866,107,56349,12,3636,2899855,12603,344,,,82,1,8
2021-11-20,392,78258,139,56488,16,3652,2912108,12253,381,,,83,1,8
2021-11-21,399,78657,58,56546,13,3665,2919738,7630,370,,,81,1,9
2021-11-22,391,79048,61,56607,14,3679,2923141,3403,363,,,83,3,9
2021-11-23,400,79448,111,56718,15,3694,2935123,11982,349,,,84,3,8
2021-11-24,394,79842,98,56816,11,3705,2947786,12663,360,,,82,2,9
2021-11-25,403,80245,107,56923,14,3719,2959073,11287,355,,,82,1,8
2021-11-26,396,80641,91,57014,17,3736,2974381,15308,357,,,84,1,9
2021-11-27,391,81032,113,57127,17,3753,2987270,12889,362,,,82,1,9
2021-11-28,400,81432,51,57178,14,3767,2996288,9018,360,,,80,1,9
2021-11-29,393,81825,60,57238,13,3780,3000142,3854,339,,,85,3,7
2021-11-30,397,82222,113,57351,17,3797,3010595,10453,332,,,80,3,7
2021-12-01,402,82624,121,57472,17,3814,3022769,12174,335,,,84,2,6
2021-12-02,391,83015,134,57606,16,3830,3034984,12215,331,,,83,1,7
2021-12-03,396,83411,128,57734,15,3845,3050315,15331,309,,,82,1,6
2021-12-04,401,83812,133,57867,14,3859,3064507,14192,313,,,84,1,6
2021-12-05,392,84204,44,57911,16,3875,3073276,8769,329,,,85,1,6
2021-12-06,387,84591,52,57963,18,3893,3079043,5767,330,,,84,3,6
2021-12-07,395,84986,207,58170,14,3907,3090591,11548,342,,,85,3,7
2021-12-08,399,85385,224,58394,16,3923,3103668,13077,345,,,81,2,7
2021-12-09,382,85767,240,58634,14,3937,3116613,12945,353,,,84,1,6
2021-12-10,396,86163,248,58882,11,3948,3132554,15941,353,,,87,1,
2021-12-11,389,86552,255,59137,13,3961,3145660,13106,312,,,81,1,7
2021-12-12,385,86937,120,59257,14,3975,3152628,6968,,,,84,1,7
2021-12-13,392,87329,77,59334,12,3987,3159597,6969,316,,,88,3,7
2021-12-14,398,87727,227,59561,15,4002,3168510,8913,327,,,92,3,8
2021-12-15,381,88108,258,59819,14,4016,3179366,10856,340,,,84,2,7
2021-12-16,393,88501,279,60098,12,4028,3190633,11267,341,,,84,1,8
2021-12-17,385,88886,281,60379,14,4042,3203270,12637,342,,,84,1,7
2021-12-18,390,89276,297,60676,16,4058,3214617,11347,333,,,85,1,8
2021-12-19,382,89658,121,60797,13,4071,3221665,7048,312,,,85,1,7
2021-12-20,378,90036,156,60953,11,4082,3225921,4256,323,,,82,3,7
2021-12-21,385,90421,360,61313,15,4097,3231987,6066,327,,,82,3,8
2021-12-22,379,90800,358,61671,13,4110,3244899,12912,326,,,82,2,
2021-12-23,372,91172,361,62032,16,4126,3255158,10259,320,,,80,1,8
2021-12-24,381,91553,378,62410,14,4140,3266542,11384,307,,,82,1,8
2021-12-25,376,91929,388,62798,11,4151,3275704,9162,309,,,83,1,7
2021-12-26,374,92303,253,63051,15,4166,3282631,6927,,,,86,1,
2021-12-27,374,92677,242,63293,12,4178,3284743,2112,329,,,82,3,8
2021-12-28,382,93059,359,63652,13,4191,3290522,5779,308,,,83,3,8
2021-12-29,377,93436,364,64016,16,4207,3300761,10239,301,,,83,2,7
2021-12-30,368,93804,342,64358,11,4218,3310499,9738,303,,,86,1,
2021-12-31,354,93804,759,64358,12,4230,3316279,5780,302,,,83,1,
2022-01-01,322,94126,759,65117,14,4244,3322059,5780,305,,,83,1,
2022-01-02,300,94426,334,65451,11,4255,3324855,2796,298,,,82,1,
2022-01-03,293,94719,318,65769,14,4269,3326427,1572,283,,,100,3,
2022-01-04,285,95004,322,66091,12,4281,3330739,4312,301,,,85,3,
2022-01-05,291,95295,307,66398,15,4296,3335409,4670,288,,,86,2,
2022-01-06,286,95581,311,66709,11,4307,3340718,5309,270,,,85,1,
2022-01-07,274,95855,297,67006,10,4317,3345834,5116,288,,,81,1,
2022-01-08,252,96107,303,67309,15,4332,3351071,5237,256,,,86,1,
2022-01-09,231,96338,284,67593,13,4345,3359003,7932,246,,,83,1,
2022-01-10,225,96563,289,67882,11,4356,3366935,7932,264,,,83,3,
2022-01-11,236,96799,291,68173,13,4369,3374866,7931,251,,,86,3,
2022-01-12,245,97044,301,68474,15,4384,3382797,7931,249,,,86,2,
2022-01-13,251,97295,315,68789,12,4396,3392048,9251,275,,,85,1,
2022-01-14,242,97537,309,69098,15,4411,3401239,9191,274,,,85,1,
2022-01-15,249,97786,377,69475,13,4424,3409595,8356,278,,,86,1,
2022-01-16,237,98023,340,69815,12,4436,3415801,6206,279,,,84,1,
2022-01-17,230,98253,316,70131,16,4452,3418593,2792,275,,,85,3,
2022-01-18,237,98490,329,70460,12,4464,3423245,4652,272,,,87,3,
2022-01-19,249,98739,343,70803,15,4479,3432172,8927,273,,,83,2,
2022-01-20,240,98979,357,71160,13,4492,3440972,8800,266,,,85,1,
2022-01-21,251,99230,338,71498,11,4503,3449896,8924,232,,,85,1,
2022-01-22,258,99488,359,71857,14,4517,3464095,14199,232,,,81,1,
2022-01-23,248,99736,291,72148,12,4529,3471733,7638,244,,,86,1,
2022-01-24,242,99978,302,72450,11,4540,3476702,4969,261,,,85,3,
2022-01-25,261,100239,366,72816,13,4553,3486256,9554,252,,,83,3,
2022-01-26,315,100554,349,73165,15,4568,3502404,16148,256,,,82,2,
2022-01-27,344,100898,377,73542,12,4580,3517980,15576,261,,,81,1,
2022-01-28,511,101409,386,73928,13,4593,3534881,16901,258,,,85,1,
2022-01-29,387,101796,427,74355,13,4606,3552567,17686,270,,,84,1,
2022-01-30,579,102375,422,74777,11,4617,3568597,16030,271,,,81,1,
2022-01-31,604,102979,331,75108,14,4631,3576927,8330,270,,,82,3,
2022-02-01,745,103724,395,75503,12,4643,3588550,11623,247,,,85,3,8
2022-02-02,996,104720,341,75844,16,4659,3610221,21671,252,,,81,2,7
2022-02-03,1347,106067,0,75844,14,4673,3628788,18567,253,,,84,1,8
2022-02-04,1874,107941,737,76581,11,4684,3655527,26739,253,,,86,1,9
2022-02-05,2142,110083,422,77003,13,4697,3677498,21971,254,,,84,1,7
2022-02-06,2743,112826,306,77309,15,4712,3698532,21034,252,,,84,1,12
2022-02-07,3129,115955,311,77620,12,4724,3710645,12113,258,,,83,3,15
2022-02-08,3214,119169,418,78038,15,4739,3733095,22450,277,,,83,3,14
2022-02-09,3978,123147,424,78462,7,4746,3751784,18689,279,,,83,2,16
2022-02-10,4394,127541,487,78949,9,4755,3772183,20399,290,,,84,1,16
2022-02-11,4871,132412,491,79440,6,4761,3792076,19893,288,,,84,1,16
2022-02-12,5122,137534,487,79927,11,4772,3808401,16325,288,,,83,1,16
2022-02-13,5349,142883,476,80403,15,4787,3821233,12832,304,,,84,1,16
2022-02-14,5824,148707,404,80807,13,4800,3828021,6788,316,,,84,3,16
2022-02-15,5763,154470,469,81276,15,4815,3838529,10508,327,,,85,3,16
2022-02-16,5428,159898,672,81948,10,4825,3850110,11581,368,,,87,2,16
2022-02-17,5043,164941,704,82652,13,4838,3862804,12694,322,,,84,1,16
2022-02-18,5319,170260,788,83440,15,4853,3875935,13131,328,,,89,1,16
2022-02-19,5483,175743,804,84244,9,4862,3887663,11728,348,,,83,1,16
2022-02-20,5205,180948,422,84666,13,4875,3895738,8075,323,,,82,1,16
2022-02-21,5001,185949,415,85081,10,4885,3899573,3835,307,,,86,3,16
2022-02-22,5128,191077,763,85844,16,4901,3909377,9804,317,,,88,3,16
2022-02-23,4841,195918,784,86628,14,4915,3921172,11795,315,,,86,2,16
2022-02-24,4529,200447,917,87545,17,4932,3930713,9541,342,,,87,1,16
2022-02-25,4796,205243,5377,92922,13,4945,3940370,9657,335,,,85,1,16
2022-02-26,4432,210029,5482,98404,15,4960,3948262,7892,310,,,86,1,16
2022-02-27,4208,214237,3218,101622,13,4973,3954180,5918,316,,,86,1,16
2022-02-28,4047,218284,3707,105329,16,4989,3960064,5884,312,,,88,3,16
2022-03-01,3591,221875,6619,111948,16,5005,3968536,8472,316,,,82,3,16
2022-03-02,2912,224787,8300,120248,13,5018,3978458,9922,305,,,87,2,16
2022-03-03,2573,227360,8794,129042,16,5034,3986458,8000,304,,,85,1,16
2022-03-04,2416,229776,9745,138787,12,5046,3996958,10500,299,,,88,1,16
2022-03-05,2131,231907,10572,149359,14,5060,4007368,10410,296,,,88,1,16
2022-03-06,2008,233915,10312,159671,11,5071,4011888,4520,297,,,86,1,16
2022-03-07,1976,235891,7009,166680,15,5086,4017213,5325,279,,,90,3,16
2022-03-08,2057,237948,8463,175143,13,5099,4019267,2054,270,,,86,3,16
2022-03-09,1935,239883,2784,177927,16,5115,4024422,5155,270,,,84,2,16
2022-03-10,1302,241185,12351,190278,12,5127,4031407,6985,267,,,92,1,16
2022-03-11,1139,242324,10113,200391,14,5141,4040064,8657,260,,,85,1,16
2022-03-12,987,243311,15469,215860,14,5155,4047734,7670,263,,,85,1,16
2022-03-13,871,244182,5429,221289,16,5171,4050335,2601,260,,,89,1,16
2022-03-14,690,244872,2112,223401,11,5182,4056051,5716,233,,,89,3,16
2022-03-15,613,245485,1081,224482,12,5194,4062621,6570,215,,,91,3,16
2022-03-16,529,246014,905,225387,14,5208,4070495,7874,212,,,83,2,16
2022-03-17,458,246472,346,225733,12,5220,4078117,7622,201,,,91,1,16
2022-03-18,407,246879,320,226053,10,5230,4087499,9382,200,,,84,1,16
2022-03-19,383,247262,344,226397,11,5241,4095031,7532,187,,,86,1,16
2022-03-20,306,247568,409,226806,12,5253,4097636,2605,189,,,89,1,16
2022-03-21,294,247862,388,227194,9,5262,4104010,6374,192,,,86,3,16
2022-03-22,328,248190,406,227600,11,5273,4111463,7453,190,,,73,3,16
2022-03-23,302,248492,360,227960,12,5285,4120344,8881,192,,,88,2,16
2022-03-24,293,248785,311,228271,12,5297,4127230,6886,182,,,84,1,16
2022-03-25,287,249072,335,228606,9,5306,4134218,6988,172,,,86,1,16
2022-03-26,279,249351,487,229093,10,5316,4136987,2769,160,,,86,1,16
2022-03-27,268,249619,300,229393,9,5325,4138827,1840,159,,,86,1,16
2022-03-28,265,249884,319,229712,11,5336,4143775,4948,164,,,82,3,16
2022-03-29,257,250141,428,230140,13,5349,4148275,4500,157,,,88,3,16
2022-03-30,251,250392,504,230644,10,5359,4153795,5520,156,,,90,2,16
2022-03-31,219,250611,780,231424,14,5373,4157920,4125,158,,,89,1,16
2022-04-01,288,250899,766,232190,10,5383,4163311,5391,150,,,90,1,16
2022-04-02,236,251135,811,233001,11,5394,4165561,2250,153,,,87,1,16
2022-04-03,233,251368,1312,234313,9,5403,4170348,4787,146,,,86,1,16
2022-04-04,446,251814,3746,238059,23,5426,4185861,15513,148,,,92,3,16
2022-04-05,0,251814,0,238059,0,5426,4185861,0,148,,,89,3,16
2022-04-06,216,252030,1621,239680,10,5436,4185861,0,136,,,90,2,16
2022-04-07,209,252239,1693,241373,12,5448,4204371,18510,117,,,89,1,16
2022-04-08,214,252453,1769,243142,9,5457,4213614,9243,109,,,89,1,16
2022-04-09,194,252647,1591,244733,9,5466,4222479,8865,118,,,86,1,16
2022-04-10,191,252838,213,244946,61,5477,4230345,7866,118,,,87,1,16
2022-04-11,186,253024,228,245174,60,5489,4237205,6860,122,,,91,3,16
2022-04-12,190,253214,293,245467,10,5499,4244946,7741,116,,,87,3,16
2022-04-13,179,253393,339,245806,9,5508,4253811,8865,115,,,88,2,16
2022-04-14,170,253563,307,246113,10,5518,4262618,8807,107,,,90,1,16
2022-04-15,165,253728,244,246357,49,5529,4271625,9007,100,,,91,1,16
2022-04-16,163,253891,297,246654,10,5539,4280156,8531,112,,,90,1,16
2022-04-17,157,254048,288,246942,8,5547,4288138,7982,88,,,91,1,16
2022-04-18,152,254200,280,247222,10,5557,4295066,6928,109,,,91,3,16
2022-04-19,154,254354,366,247588,7,5564,4299966,4900,104,,,88,3,16
2022-04-20,149,254503,372,247960,9,5573,4307025,7059,98,,,87,2,16
2022-04-21,141,254644,191,248151,8,5581,4313916,6891,103,,,87,1,16
2022-04-22,133,254777,155,248306,6,5587,4320956,7040,102,,,86,1,16
2022-04-23,125,254902,142,248448,8,5595,4327233,6277,102,,,91,1,16
2022-04-24,119,255021,126,248574,7,5602,4332983,5750,84,,,90,1,16
