date,cum_diagnoses,cum_deaths,cum_recoveries,cum_tests,new_tests,new_diagnoses,new_recoveries,new_deaths
2020-03-29,3,,,,,3,,
2020-03-30,3,,,,,0,,
2020-03-31,3,,,,,0,,
2020-04-01,7,,,,,4,,
2020-04-02,9,,,,,2,,
2020-04-03,9,,,,,0,,
2020-04-04,10,,,,,1,,
2020-04-05,10,,,,,0,,
2020-04-06,10,,,,,0,,
2020-04-07,14,,,,,4,,
2020-04-08,15,,,,,1,,
2020-04-09,15,,,,,0,,
2020-04-10,17,,3,,,2,,
2020-04-11,17,,3,,,0,0,
2020-04-12,19,,5,,,2,2,
2020-04-13,20,,5,,,1,0,
2020-04-14,20,,6,,,0,1,
2020-04-15,22,,9,,,2,3,
2020-04-16,23,,9,,,1,0,
2020-04-17,26,,9,,,3,0,
2020-04-18,31,,13,,,5,,
2020-04-19,33,,14,,,2,1,
2020-04-20,36,,16,,,3,2,
2020-04-21,41,,16,,,5,0,
2020-04-22,45,,17,,,4,1,
2020-04-23,53,,19,,,8,2,
2020-04-24,54,,19,,,1,0,
2020-04-25,58,1,19,,,4,0,
2020-04-26,62,2,20,,,4,1,1
2020-04-27,71,1,20,,,9,0,-1
2020-04-28,82,1,21,,,11,1,0
2020-04-29,87,2,22,,,5,1,1
2020-04-30,97,3,24,,,10,2,1
2020-05-01,107,3,26,,,10,2,0
2020-05-02,116,3,26,,,9,0,0
2020-05-03,127,3,27,60512,,11,1,0
2020-05-04,161,3,31,62513,2001,34,4,0
2020-05-05,191,3,39,64515,2002,30,8,0
2020-05-06,197,3,40,66518,2003,6,1,0
2020-05-07,208,4,46,68522,2004,11,6,1
2020-05-08,223,6,46,70527,2005,15,0,2
2020-05-09,245,6,54,72533,2006,22,8,0
2020-05-10,279,6,54,74540,2007,34,0,0
2020-05-11,302,7,58,76548,2008,23,4,1
2020-05-12,332,7,59,78557,2009,30,1,0
2020-05-13,355,7,68,80567,2010,23,9,0
2020-05-14,389,7,70,82578,2011,34,2,0
2020-05-15,436,7,74,84590,2012,47,4,0
2020-05-16,476,7,88,86603,2013,40,14,0
2020-05-17,534,7,88,88617,2014,58,0,0
2020-05-18,599,7,91,90632,2015,65,3,0
2020-05-19,652,7,104,92648,2016,53,13,0
2020-05-20,717,7,115,94665,2017,65,11,0
2020-05-21,764,7,120,96683,2018,47,5,0
2020-05-22,838,7,131,98702,2019,74,11,0
2020-05-23,925,16,192,100722,2020,87,61,9
2020-05-24,985,18,228,102743,2021,60,36,2
2020-05-25,1044,18,228,105302,2559,59,0,0
2020-05-26,1097,18,265,106977,1675,53,37,0
2020-05-27,1139,18,288,110386,3409,42,23,0
2020-05-28,1226,18,301,113414,3028,87,13,0
2020-05-29,1268,18,313,117805,4391,42,12,0
2020-05-30,1318,18,340,121767,3962,50,27,0
2020-05-31,1387,18,349,125353,3586,69,9,0
2020-06-01,1411,18,359,127864,2511,24,10,0
2020-06-02,1437,18,386,129169,1305,26,27,0
2020-06-03,1482,18,437,131964,2795,45,51,0
2020-06-04,1540,18,566,133985,2021,58,129,0
2020-06-05,1595,18,605,136324,2339,55,39,0
2020-06-06,1676,18,664,138548,2224,81,59,0
2020-06-07,1718,18,684,141325,2777,42,20,0
2020-06-08,1776,18,689,143039,1714,58,5,0
2020-06-09,1851,18,758,144110,1071,75,69,0
2020-06-10,1930,18,968,146399,2289,79,210,0
2020-06-11,1977,23,1098,148777,2378,47,130,5
2020-06-12,2063,23,1189,150951,2174,86,91,0
2020-06-13,2148,23,1213,153900,2949,85,24,0
2020-06-14,2247,23,1218,154669,769,99,5,0
2020-06-15,2340,23,1226,156009,1340,93,8,0
2020-06-16,2437,24,1281,157442,1433,97,55,1
2020-06-17,2535,24,1335,159697,2255,98,54,0
2020-06-18,2624,24,1504,162720,3023,89,169,0
2020-06-19,2727,24,1558,165826,3106,103,54,0
2020-06-20,2821,25,1602,168649,2823,94,44,1
2020-06-21,2920,25,1638,172588,3939,99,36,0
2020-06-22,3018,25,1660,175943,3355,98,22,0
2020-06-23,3100,27,1767,177435,1492,82,107,2
2020-06-24,3184,27,1814,181312,3877,84,47,0
2020-06-25,3236,27,1851,185352,4040,52,37,0
2020-06-26,3297,27,1910,186652,1300,61,59,0
2020-06-27,3372,27,1955,190285,3633,75,45,0
2020-06-28,3455,27,1976,194313,4028,83,21,0
2020-06-29,3533,30,1984,197276,2963,78,8,3
2020-06-30,3615,30,2005,199144,1868,82,21,0
2020-07-01,3701,30,2023,203018,3874,86,18,0
2020-07-02,3780,30,2028,206658,3640,79,5,0
2020-07-03,3863,30,2079,209107,2449,83,51,0
2020-07-04,3950,30,2157,211952,2845,87,78,0
2020-07-05,4036,33,2173,214798,2846,86,16,3
2020-07-06,4120,35,2209,217645,2847,84,36,2
2020-07-07,4202,37,2322,220493,2848,82,113,2
2020-07-08,4285,38,2394,223342,2849,83,72,1
2020-07-09,4374,38,2512,226192,2850,89,118,0
2020-07-10,4469,40,2581,229043,2851,95,69,2
2020-07-11,4563,40,2626,231895,2852,94,45,0
2020-07-12,4656,40,2649,234748,2853,93,23,0
2020-07-13,4751,40,2697,237602,2854,95,48,0
2020-07-14,4844,42,2756,240457,2855,93,59,2
2020-07-15,4949,44,2849,243313,2856,105,93,2
2020-07-16,5066,46,2901,246170,2857,117,52,2
2020-07-17,5172,47,2972,249028,2858,106,71,1
2020-07-18,5286,50,3095,251887,2859,114,123,3
2020-07-19,5395,50,3141,254747,2860,109,46,0
2020-07-20,5503,52,3182,257279,2532,108,41,2
2020-07-21,5607,54,3290,259442,2163,104,108,2
2020-07-22,5725,54,3420,262559,3117,118,130,0
2020-07-23,5854,56,3572,266110,3551,129,152,2
2020-07-24,5969,56,3707,268959,2849,115,135,0
2020-07-25,6077,60,3967,272678,3719,108,260,4
2020-07-26,6184,62,3969,276398,3720,107,2,2
2020-07-27,6298,62,3972,280119,3721,114,3,0
2020-07-28,6413,62,4003,281973,1854,115,31,0
2020-07-29,6524,64,4042,285387,3414,111,39,2
2020-07-30,6643,68,4176,288640,3253,119,134,4
2020-07-31,6768,68,4300,292686,4046,125,124,0
2020-08-01,6882,68,4444,295184,2498,114,144,0
2020-08-02,6990,68,4450,299007,3823,108,6,0
2020-08-03,7102,71,4517,301545,2538,112,67,3
2020-08-04,7209,76,4678,302632,1087,107,161,5
2020-08-05,7318,79,4897,305382,2750,109,219,3
2020-08-06,7424,79,5141,311341,5959,106,244,0
2020-08-07,7531,82,5282,312353,1012,107,141,3
2020-08-08,7636,85,5374,314520,2167,105,92,3
2020-08-09,7748,88,5392,317175,2655,112,18,3
2020-08-10,7856,92,5410,319637,2462,108,18,4
2020-08-11,7961,94,5592,322190,2553,105,182,2
2020-08-12,8067,101,5724,325773,3583,106,132,7
2020-08-13,8175,106,5913,329175,3402,108,189,5
2020-08-14,8281,111,6024,369178,40003,106,111,5
2020-08-15,8388,116,6164,372099,2921,107,140,5
2020-08-16,8491,122,6222,376454,4355,103,58,6
2020-08-17,8590,122,6265,378140,1686,99,43,0
2020-08-18,8684,130,6371,380494,2354,94,106,8
2020-08-19,8776,136,6541,382771,2277,92,170,6
2020-08-20,8839,141,6696,386622,3851,63,155,5
2020-08-21,8893,145,6800,390474,3852,54,104,4
2020-08-22,8950,150,6930,397593,7119,57,130,5
2020-08-23,8999,155,6937,401690,4097,49,7,5
2020-08-24,9043,159,6966,404172,2482,44,29,4
2020-08-25,9070,163,7042,404910,738,27,76,4
2020-08-26,9085,167,7143,407309,2399,15,101,4
2020-08-27,9115,171,7240,410221,2912,30,97,4
2020-08-28,9154,175,7356,413134,2913,39,116,4
2020-08-29,9197,180,7438,419602,6468,43,82,5
2020-08-30,9241,180,7444,423490,3888,44,6,0
2020-08-31,9282,187,7444,425041,1551,41,0,7
2020-09-01,9324,193,7627,425860,819,42,183,6
2020-09-02,9369,198,7766,428919,3059,45,139,5
2020-09-03,9412,203,7877,431249,2330,43,111,5
2020-09-04,9458,207,7930,434282,3033,46,53,4
2020-09-05,9507,211,7974,437744,3462,49,44,4
2020-09-06,9560,215,7974,440822,3078,53,0,4
2020-09-07,9614,220,7974,442464,1642,54,0,5
2020-09-08,9670,224,8124,444198,1734,56,150,4
2020-09-09,9724,228,8229,446592,2394,54,105,4
2020-09-10,9779,232,8298,449854,3262,55,69,4
2020-09-11,9830,235,8387,452445,2591,51,89,3
2020-09-12,9885,239,8469,456433,3988,55,82,4
2020-09-13,9930,242,8469,460774,4341,45,0,3
2020-09-14,9962,242,8475,463069,2295,32,6,0
2020-09-15,10006,248,8576,465821,2752,44,101,6
2020-09-16,10040,252,8638,468260,2439,34,62,4
2020-09-17,10088,255,8733,471024,2764,48,95,3
2020-09-18,10140,255,8801,474796,3772,52,68,0
2020-09-19,10190,261,8917,478247,3451,50,116,6
2020-09-20,10249,265,8918,482841,4594,59,1,4
2020-09-21,10307,268,8925,484750,1909,58,7,3
2020-09-22,10376,271,9036,486980,2230,69,111,3
2020-09-23,10449,271,9113,488763,1783,73,77,0
2020-09-24,10521,275,9216,492837,4074,72,103,4
2020-09-25,10597,275,9250,495618,2781,76,34,0
2020-09-26,10679,281,9348,498758,3140,82,98,6
2020-09-27,10765,284,9352,501678,2920,86,4,3
2020-09-28,10853,284,9360,504750,3072,88,8,0
2020-09-29,10938,289,9464,506641,1891,85,104,5
2020-09-30,11028,293,9587,509627,2986,90,123,4
2020-10-01,11117,297,9776,512697,3070,89,189,4
2020-10-02,11213,301,9943,517434,4737,96,167,4
2020-10-03,11311,305,10111,522034,4600,98,168,4
2020-10-04,11410,308,10115,525579,3545,99,4,3
2020-10-05,11509,312,10145,527119,1540,99,30,4
2020-10-06,11610,316,10213,530167,3048,101,68,4
2020-10-07,11719,320,10307,532543,2376,109,94,4
2020-10-08,11836,324,10381,537451,4908,117,74,4
2020-10-09,11968,328,10469,541527,4076,132,88,4
2020-10-10,12111,328,10583,545298,3771,143,114,0
2020-10-11,12258,335,10609,549620,4322,147,26,7
2020-10-12,12407,341,10637,552150,2530,149,28,6
2020-10-13,12559,346,10733,555037,2887,152,96,5
2020-10-14,12714,350,10804,559044,4007,155,71,4
2020-10-15,12872,354,10906,563392,4348,158,102,4
2020-10-16,13037,358,11021,568897,5505,165,115,4
2020-10-17,13205,362,11085,573581,4684,168,64,4
2020-10-18,13374,367,11089,577928,4347,169,4,5
2020-10-19,13545,367,11123,580951,3023,171,34,0
2020-10-20,13718,371,11236,583622,2671,173,113,4
2020-10-21,13891,376,11341,588268,4646,173,105,5
2020-10-22,14070,381,11437,593096,4828,179,96,5
2020-10-23,14251,386,11595,598838,5742,181,158,5
2020-10-24,14436,391,11750,604258,5420,185,155,5
2020-10-25,14625,391,11788,609128,4870,189,38,0
2020-10-26,14815,398,11827,611242,2114,190,39,7
2020-10-27,15006,402,11917,614880,3638,191,90,4
2020-10-28,15196,402,11962,618519,3639,190,45,0
2020-10-29,15388,406,12145,627914,9395,192,183,4
2020-10-30,15585,412,12357,637310,9396,197,212,6
2020-10-31,15783,412,12532,648783,11473,198,175,0
2020-11-01,15982,418,12752,653788,5005,199,220,6
2020-11-02,16183,423,13005,655490,1702,201,253,5
2020-11-03,16385,427,13265,664601,9111,202,260,4
2020-11-04,16590,427,13428,668873,4272,205,163,0
2020-11-05,16801,434,13454,674328,5455,211,26,7
2020-11-06,17016,434,13845,678651,4323,215,391,0
2020-11-07,17235,434,13976,679250,599,219,131,0
2020-11-08,17456,434,13996,685727,6477,221,20,0
2020-11-09,17676,434,14029,689086,3359,220,33,0
2020-11-10,17899,434,14139,693570,4484,223,110,0
2020-11-11,18124,434,14346,699579,6009,225,207,0
2020-11-12,18350,434,14549,702924,3345,226,203,0
2020-11-13,18574,434,14695,708609,5685,224,146,0
2020-11-14,18801,434,14828,716378,7769,227,133,0
2020-11-15,19024,442,14918,716650,272,223,90,8
2020-11-16,19250,450,15022,718937,2287,226,104,8
2020-11-17,19479,458,15233,723003,4066,229,211,8
2020-11-18,19711,471,15481,727868,4865,232,248,13
2020-11-19,19946,483,15778,732350,4482,235,297,12
2020-11-20,20179,494,16111,736605,4255,233,333,11
2020-11-21,20415,503,16375,741223,4618,236,264,9
2020-11-22,20649,516,16620,743543,2320,234,245,13
2020-11-23,20882,530,16839,745677,2134,233,219,14
2020-11-24,21117,538,17136,752108,6431,235,297,8
2020-11-25,21354,550,17441,754348,2240,237,305,12
2020-11-26,21592,564,17759,758502,4154,238,318,14
2020-11-27,21832,577,18084,762988,4486,240,325,13
2020-11-28,22074,589,18437,767754,4766,242,353,12
2020-11-29,22318,599,18771,772398,4644,244,334,10
2020-11-30,22563,611,19008,775473,3075,245,237,12
2020-12-01,22807,624,19328,779935,4462,244,320,13
2020-12-02,23053,637,20256,784622,4687,246,928,13
2020-12-03,23300,649,20695,789300,4678,247,439,12
2020-12-04,23545,666,21122,793710,4410,245,427,17
2020-12-05,23788,673,21540,798135,4425,243,418,7
2020-12-06,24032,680,21647,812385,14250,244,107,7
2020-12-07,24275,688,21737,820825,8440,243,90,8
2020-12-08,24516,696,22067,825627,4802,241,330,8
2020-12-09,24759,704,22354,829640,4013,243,287,8
2020-12-10,25001,713,22615,834184,4544,242,261,9
2020-12-11,25245,721,22910,839178,4994,244,295,8
2020-12-12,25488,728,23135,843924,4746,243,225,7
2020-12-13,25729,736,23220,848757,4833,241,85,8
2020-12-14,25971,743,23278,852672,3915,242,58,7
2020-12-15,26214,750,23588,857984,5312,243,310,7
2020-12-16,26454,758,23837,863410,5426,240,249,8
2020-12-17,26695,766,24063,868338,4928,241,226,8
2020-12-18,26935,774,24319,873301,4963,240,256,8
2020-12-19,27177,781,24570,878415,5114,242,251,7
2020-12-20,27416,788,24806,882635,4220,239,236,7
2020-12-21,27658,795,25042,886553,3918,242,236,7
2020-12-22,27898,803,25279,890949,4396,240,237,8
2020-12-23,28139,812,25517,896046,5097,241,238,9
2020-12-24,28379,820,25754,900955,4909,240,237,8
2020-12-25,28623,828,25993,906118,5163,244,239,8
2020-12-26,28866,834,26235,910769,4651,243,242,6
2020-12-27,29105,842,26460,914750,3981,239,225,8
2020-12-28,29352,849,26677,918644,3894,247,217,7
2020-12-29,29605,856,26926,922539,3895,253,249,7
2020-12-30,29857,863,27182,931680,9141,252,256,7
2020-12-31,30111,871,27440,935993,4313,254,258,8
2021-01-01,30368,878,27683,939059,3066,257,243,7
2021-01-02,30623,886,27869,939485,426,255,186,8
2021-01-03,30881,894,28058,942946,3461,258,189,8
2021-01-04,31137,901,28253,946097,3151,256,195,7
2021-01-05,31392,909,28451,950297,4200,255,198,8
2021-01-06,31646,916,28646,954012,3715,254,195,7
2021-01-07,31898,923,28848,958774,4762,252,202,7
2021-01-08,32148,930,29042,960877,2103,250,194,7
2021-01-09,32397,938,29244,965399,4522,249,202,8
2021-01-10,32644,947,29452,972733,7334,247,208,9
2021-01-11,32889,955,29656,977689,4956,245,204,8
2021-01-12,33130,963,29867,981919,4230,241,211,8
2021-01-13,33370,970,30118,986506,4587,240,251,7
2021-01-14,33615,978,30367,991020,4514,245,249,8
2021-01-15,33862,986,30611,995040,4020,247,244,8
2021-01-16,34110,993,30857,999237,4197,248,246,7
2021-01-17,34355,1000,31098,1002342,3105,245,241,7
2021-01-18,34598,1007,31317,1004787,2445,243,219,7
2021-01-19,34835,1015,31535,1008337,3550,237,218,8
2021-01-20,35070,1023,31749,1012466,4129,235,214,8
2021-01-21,35299,1032,31976,1016175,3709,229,227,9
2021-01-22,35527,1039,32201,1020254,4079,228,225,7
2021-01-23,35746,1046,32432,1023754,3500,219,231,7
2021-01-24,35964,1052,32660,1027255,3501,218,228,6
2021-01-25,36163,1059,32871,1030757,3502,199,211,7
2021-01-26,36321,1064,33081,1034260,3503,158,210,5
2021-01-27,36484,1069,33279,1037764,3504,163,198,5
2021-01-28,36650,1072,33474,1041269,3505,166,195,3
2021-01-29,36887,1075,33704,1044775,3506,237,230,3
2021-01-30,37070,1079,33895,1048282,3507,183,191,4
2021-01-31,37247,1084,34057,1051790,3508,177,162,5
2021-02-01,37421,1088,34215,1055299,3509,174,158,4
2021-02-02,37590,1092,34380,1058809,3510,169,165,4
2021-02-03,37753,1096,34551,1062320,3511,163,171,4
2021-02-04,37914,1101,34720,1065832,3512,161,169,5
2021-02-05,38076,1105,34891,1069345,3513,162,171,4
2021-02-06,38244,1111,35060,1072859,3514,168,169,6
2021-02-07,38409,1118,35222,1076374,3515,165,162,7
2021-02-08,38573,1123,35315,1079890,3516,164,93,5
2021-02-09,38735,1127,35421,1083407,3517,162,106,4
2021-02-10,38860,1131,35541,1086925,3518,125,120,4
2021-02-11,39006,1136,35680,1090444,3519,146,139,5
2021-02-12,39185,1142,35817,1093964,3520,179,137,6
2021-02-13,39343,1146,35951,1097485,3521,158,134,4
2021-02-14,39482,1151,36053,1101007,3522,139,102,5
2021-02-15,39613,1156,36152,1104530,3523,131,99,5
2021-02-16,39686,1160,36236,1108054,3524,73,84,4
2021-02-17,39799,1166,36365,1111579,3525,113,129,6
2021-02-18,39895,1169,36478,1115105,3526,96,113,3
2021-02-19,40003,1174,36589,1118632,3527,108,111,5
2021-02-20,40122,1180,36711,1122160,3528,119,122,6
2021-02-21,40218,1180,36813,1125689,3529,96,102,0
2021-02-22,40319,1180,36910,1129219,3530,101,97,0
2021-02-23,40411,1184,36994,1132750,3531,92,84,4
2021-02-24,40539,1190,37091,1136282,3532,128,97,6
2021-02-25,40640,1197,37196,1139815,3533,101,105,7
2021-02-26,40737,1203,37297,1143349,3534,97,101,6
2021-02-27,40831,1213,37402,1146884,3535,94,105,10
2021-02-28,40941,1218,37506,1150420,3536,110,104,5
2021-03-01,41044,1222,37605,1153957,3537,103,99,4
2021-03-02,41143,1223,37720,1157495,3538,99,115,1
2021-03-03,41244,1225,37839,1161034,3539,101,119,2
2021-03-04,41331,1227,37960,1164574,3540,87,121,2
2021-03-05,41422,1232,38083,1168115,3541,91,123,5
2021-03-06,41519,1236,38202,1171657,3542,97,119,4
2021-03-07,41613,1239,38317,1175200,3543,94,115,3
2021-03-08,41701,1243,38428,1178744,3544,88,111,4
2021-03-09,41785,1246,38546,1182289,3545,84,118,3
2021-03-10,41855,1251,38638,1185835,3546,70,92,5
2021-03-11,41935,1255,38732,1189382,3547,80,94,4
2021-03-12,42017,1258,38821,1192930,3548,82,89,3
2021-03-13,42106,1263,38912,1196479,3549,89,91,5
2021-03-14,42193,1267,38993,1200029,3550,87,81,4
2021-03-15,42278,1270,39065,1203580,3551,85,72,3
2021-03-16,42362,1274,39142,1207132,3552,84,77,4
2021-03-17,42467,1277,39223,1210685,3553,105,81,3
2021-03-18,42569,1280,39301,1214239,3554,102,78,3
2021-03-19,42673,1284,39385,1217794,3555,104,84,4
2021-03-20,42772,1284,39473,1221350,3556,99,88,0
2021-03-21,42868,1284,39558,1224907,3557,96,85,0
2021-03-22,42963,1284,39639,1228465,3558,95,81,0
2021-03-23,43060,1289,39731,1232024,3559,97,92,5
2021-03-24,43169,1293,39827,1235584,3560,109,96,4
2021-03-25,43262,1293,39933,1239145,3561,93,106,0
2021-03-26,43318,1299,40044,1242707,3562,56,111,6
2021-03-27,43395,1304,40148,1246270,3563,77,104,5
2021-03-28,43482,1307,40249,1249834,3564,87,101,3
2021-03-29,43584,1309,40333,1253399,3565,102,84,2
2021-03-30,43683,1313,40427,1256965,3566,99,94,4
2021-03-31,43776,1316,40523,1260532,3567,93,96,3
2021-04-01,43863,1316,40624,1264100,3568,87,101,0
2021-04-02,43948,1319,40728,1267669,3569,85,104,3
2021-04-03,44023,1319,40830,1271239,3570,75,102,0
2021-04-04,44101,1324,40916,1274810,3571,78,86,5
2021-04-05,44166,1329,40993,1278382,3572,65,77,5
2021-04-06,44212,1335,41074,1281955,3573,46,81,6
2021-04-07,44270,1337,41158,1285529,3574,58,84,2
2021-04-08,44332,1338,41243,1289104,3575,62,85,1
2021-04-09,44403,1341,41330,1292680,3576,71,87,3
2021-04-10,44472,1343,41421,1296257,3577,69,91,2
2021-04-11,44536,1344,41515,1299835,3578,64,94,1
2021-04-12,44593,1345,41604,1303414,3579,57,89,1
2021-04-13,44646,1345,41696,1306994,3580,53,92,0
2021-04-14,44712,1348,41791,1310575,3581,66,95,3
2021-04-15,44781,1350,41888,1314157,3582,69,97,2
2021-04-16,44848,1353,41988,1317740,3583,67,100,3
2021-04-17,44917,1355,42091,1321324,3584,69,103,2
2021-04-18,44984,1357,42197,1324909,3585,67,106,2
2021-04-19,45049,1357,42299,1328495,3586,65,102,0
2021-04-20,45112,1362,42398,1332082,3587,63,99,5
2021-04-21,45180,1368,42494,1335670,3588,68,96,6
2021-04-22,45246,1370,42588,1339259,3589,66,94,2
2021-04-23,45315,1371,42678,1342849,3590,69,90,1
2021-04-24,45380,1372,42764,1346440,3591,65,86,1
2021-04-25,45443,1374,42858,1350032,3592,63,94,2
2021-04-26,45505,1376,42949,1353625,3593,62,91,2
2021-04-27,45566,1379,43036,1357219,3594,61,87,3
2021-04-28,45620,1382,43121,1360814,3595,54,85,3
2021-04-29,45682,1384,43200,1364410,3596,62,79,2
2021-04-30,45737,1386,43275,1368007,3597,55,75,2
2021-05-01,45783,1386,43344,1371605,3598,46,69,0
2021-05-02,45831,1387,43405,1375204,3599,48,61,1
2021-05-03,45882,1388,43458,1378804,3600,51,53,1
2021-05-04,45935,1389,43514,1382405,3601,53,56,1
2021-05-05,45984,1391,43558,1386007,3602,49,44,2
2021-05-06,46034,1393,43606,1389610,3603,50,48,2
2021-05-07,46082,1394,43661,1393214,3604,48,55,1
2021-05-08,46133,1396,43720,1396819,3605,51,59,2
2021-05-09,46187,1397,43778,1400425,3606,54,58,1
2021-05-10,46239,1397,43827,1404032,3607,52,49,0
2021-05-11,46289,1399,43881,1407640,3608,50,54,2
2021-05-12,46351,1401,43937,1411249,3609,62,56,2
2021-05-13,46414,1404,43996,1414859,3610,63,59,3
2021-05-14,46473,1406,44058,1418470,3611,59,62,2
2021-05-15,46534,1406,44123,1422082,3612,61,65,0
2021-05-16,46593,1413,44190,1425695,3613,59,67,7
2021-05-17,46650,1415,44252,1429309,3614,57,62,2
2021-05-18,46705,1416,44317,1432924,3615,55,65,1
2021-05-19,46769,1418,44384,1436540,3616,64,67,2
2021-05-20,46830,1418,44454,1440157,3617,61,70,0
2021-05-21,46893,1422,44526,1443775,3618,63,72,4
2021-05-22,46952,1424,44600,1447394,3619,59,74,2
2021-05-23,47009,1425,44676,1451014,3620,57,76,1
2021-05-24,47067,1426,44748,1454635,3621,58,72,1
2021-05-25,47123,1427,44816,1458257,3622,56,68,1
2021-05-26,47188,1429,44876,1461880,3623,65,60,2
2021-05-27,47254,1430,44937,1465504,3624,66,61,1
2021-05-28,47318,1432,44998,1469129,3625,64,61,2
2021-05-29,47378,1434,45056,1472755,3626,60,58,2
2021-05-30,47437,1435,45107,1476382,3627,59,51,1
2021-05-31,47496,1435,45169,1480010,3628,59,62,0
2021-06-01,47557,1436,45229,1483639,3629,61,60,1
2021-06-02,47629,1438,45284,1487269,3630,72,55,2
2021-06-03,47698,1439,45346,1490900,3631,69,62,1
2021-06-04,47765,1440,45406,1494532,3632,67,60,1
2021-06-05,47831,1442,45464,1498165,3633,66,58,2
2021-06-06,47895,1443,45524,1501799,3634,64,60,1
2021-06-07,47960,1444,45582,1505434,3635,65,58,1
2021-06-08,48027,1446,45647,1509070,3636,67,65,2
2021-06-09,48103,1448,45720,1512707,3637,76,73,2
2021-06-10,48178,1449,45791,1516345,3638,75,71,1
2021-06-11,48251,1450,45860,1519984,3639,73,69,1
2021-06-12,48324,1452,45929,1523624,3640,73,69,2
2021-06-13,48399,1453,45999,1527265,3641,75,70,1
2021-06-14,48475,1456,46070,1530907,3642,76,71,3
2021-06-15,48554,1458,46144,1534550,3643,79,74,2
2021-06-16,48639,1459,46221,1538194,3644,85,77,1
2021-06-17,48732,1460,46298,1541839,3645,93,77,1
2021-06-18,48829,1460,46378,1545485,3646,97,80,0
2021-06-19,48932,1462,46461,1549132,3647,103,83,2
2021-06-20,49044,1470,46548,1552780,3648,112,87,8
2021-06-21,49163,1472,46657,1556429,3649,119,109,2
2021-06-22,49291,1473,46763,1560079,3650,128,106,1
2021-06-23,49430,1476,46895,1563730,3651,139,132,3
2021-06-24,49581,1482,47042,1567382,3652,151,147,6
2021-06-25,49745,1485,47199,1571035,3653,164,157,3
2021-06-26,49924,1489,47358,1574689,3654,179,159,4
2021-06-27,50119,1494,47544,1578344,3655,195,186,5
2021-06-28,50329,1498,47746,1582000,3656,210,202,4
2021-06-29,50550,1499,47955,1585657,3657,221,209,1
2021-06-30,50786,1502,48176,1589315,3658,236,221,3
2021-07-01,51039,1504,48395,1592974,3659,253,219,2
2021-07-02,51307,1507,48644,1596634,3660,268,249,3
2021-07-03,51588,1511,48841,1600295,3661,281,197,4
2021-07-04,51876,1514,49043,1603957,3662,288,202,3
2021-07-05,52173,1520,49243,1607620,3663,297,200,6
2021-07-06,52479,1525,49447,1611284,3664,306,204,5
2021-07-07,52786,1525,49651,1614949,3665,307,204,0
2021-07-08,53097,1534,49859,1618615,3666,311,208,9
2021-07-09,53420,1534,50063,1622282,3667,323,204,0
2021-07-10,53747,1543,50266,1625950,3668,327,203,9
2021-07-11,54077,1546,50466,1629619,3669,330,200,3
2021-07-12,54410,1550,50671,1633289,3670,333,205,4
2021-07-13,54742,1555,50879,1636960,3671,332,208,5
2021-07-14,55076,1561,51082,1640632,3672,334,203,6
2021-07-15,55412,1564,51288,1644305,3673,336,206,3
2021-07-16,55751,1572,51497,1647979,3674,339,209,8
2021-07-17,56095,1578,51700,1651654,3675,344,203,6
2021-07-18,56443,1585,51902,1655330,3676,348,202,7
2021-07-19,56795,1593,52109,1659007,3677,352,207,8
2021-07-20,57150,1596,52322,1662685,3678,355,213,3
2021-07-21,57511,1599,52538,1666364,3679,361,216,3
2021-07-22,57876,1603,52753,1670044,3680,365,215,4
2021-07-23,58242,1607,52996,1673725,3681,366,243,4
2021-07-24,58610,1613,53242,1677407,3682,368,246,6
2021-07-25,58980,1623,53481,1681090,3683,370,239,10
2021-07-26,59351,1635,53736,1684774,3684,371,255,12
2021-07-27,59724,1640,53997,1688459,3685,373,261,5
2021-07-28,60099,1643,54263,1692145,3686,375,266,3
2021-07-29,60476,1649,54502,1695832,3687,377,239,6
2021-07-30,60855,1652,54581,1699520,3688,379,79,3
2021-07-31,61237,1655,54662,1703209,3689,382,81,3
2021-08-01,61623,1663,54760,1706899,3690,386,98,8
2021-08-02,62010,1673,54894,1710590,3691,387,134,10
2021-08-03,62395,1679,55035,1714282,3692,385,141,6
2021-08-04,62781,1684,55194,1717975,3693,386,159,5
2021-08-05,63169,1688,55337,1721669,3694,388,143,4
2021-08-06,63554,1694,55488,1725364,3695,385,151,6
2021-08-07,63943,1701,55630,1729060,3696,389,142,7
2021-08-08,64334,1710,55767,1732757,3697,391,137,9
2021-08-09,64722,1722,55949,1736455,3698,388,182,12
2021-08-10,65109,1726,56140,1740154,3699,387,191,4
2021-08-11,65498,1732,56326,1743854,3700,389,186,6
2021-08-12,65885,1737,56516,1747555,3701,387,190,5
2021-08-13,66275,1748,56710,1751257,3702,390,194,11
2021-08-14,66668,1757,56900,1754960,3703,393,190,9
2021-08-15,67057,1769,57098,1758664,3704,389,198,12
2021-08-16,67444,1779,57293,1762369,3705,387,195,10
2021-08-17,67829,1790,57490,1766075,3706,385,197,11
2021-08-18,68216,1800,57691,1769782,3707,387,201,10
2021-08-19,68607,1808,57895,1773490,3708,391,204,8
2021-08-20,69001,1817,58102,1777199,3709,394,207,9
2021-08-21,69391,1826,58315,,,390,213,9
2021-08-22,69780,1832,58514,,,389,199,6
2021-08-23,70167,1843,58745,,,387,231,11
2021-08-24,70558,1853,58989,,,391,244,10
2021-08-25,70947,1862,59226,,,389,237,9
2021-08-26,71332,1867,59454,,,385,228,5
2021-08-27,71715,1875,59703,,,383,249,8
2021-08-28,72104,1881,59924,,,389,221,6
2021-08-29,72495,1891,60103,,,391,179,10
2021-08-30,72885,1906,60269,,,390,166,15
2021-08-31,73274,1912,60427,,,389,158,6
2021-09-01,73661,1923,60601,,,387,174,11
2021-09-02,74046,1931,60787,,,385,186,8
2021-09-03,74430,1937,60984,,,384,197,6
2021-09-04,74813,1949,61186,,,383,202,12
2021-09-05,75194,1961,61373,,,381,187,12
2021-09-06,75574,1975,61566,,,380,193,14
2021-09-07,75952,1982,61767,,,378,201,7
2021-09-08,76328,1990,61998,,,376,231,8
2021-09-09,76701,1998,62242,,,373,244,8
2021-09-10,77073,2006,62518,,,372,276,8
2021-09-11,77446,2017,62834,,,373,316,11
2021-09-12,77818,2032,63103,,,372,269,15
2021-09-13,78189,2044,63344,,,371,241,12
2021-09-14,78558,2054,63605,,,369,261,10
2021-09-15,78928,2063,63878,,,370,273,9
2021-09-16,79299,2074,64157,,,371,279,11
2021-09-17,79669,2082,64461,,,370,304,8
2021-09-18,80042,2089,64760,,,373,299,7
2021-09-19,80414,2102,65035,,,372,275,13
2021-09-20,80790,2117,65296,,,376,261,15
2021-09-21,81165,2124,65594,,,375,298,7
2021-09-22,81541,2128,65926,,,376,332,4
2021-09-23,81913,2132,66267,,,372,341,4
2021-09-24,82281,2135,66626,,,368,359,3
2021-09-25,82648,2135,66976,,,367,350,0
2021-09-26,83013,2150,67321,,,365,345,15
2021-09-27,83377,2155,67659,,,364,338,5
2021-09-28,83739,2158,68000,,,362,341,3
2021-09-29,84102,2162,68344,,,363,344,4
2021-09-30,84464,2165,68690,,,362,346,3
2021-10-01,84829,2174,68832,,,365,142,9
2021-10-02,85196,2184,68957,,,367,125,10
2021-10-03,85561,2199,69025,,,365,68,15
2021-10-04,85927,2213,69087,,,366,62,14
2021-10-05,86295,2228,69222,,,368,135,15
2021-10-06,86666,2235,69337,,,371,115,7
2021-10-07,87041,2238,69463,,,375,126,3
2021-10-08,87420,2254,69581,,,379,118,16
2021-10-09,87804,2268,69743,,,384,162,14
2021-10-10,88189,2280,69962,,,385,219,12
2021-10-11,88571,2286,70217,,,382,255,6
2021-10-12,88955,2300,70335,,,384,118,14
2021-10-13,89342,2304,70454,,,387,119,4
2021-10-14,89731,2310,70802,,,389,348,6
2021-10-15,90123,2314,71191,,,392,389,4
2021-10-16,90518,2324,71582,,,395,391,10
2021-10-17,90915,2334,71962,,,397,380,10
2021-10-18,91311,2344,72113,,,396,151,10
2021-10-19,91709,2353,72497,,,398,384,9
2021-10-20,92111,2361,72648,,,402,151,8
2021-10-21,92515,2371,73035,,,404,387,10
2021-10-22,92926,2381,73384,,,411,349,10
2021-10-23,93346,2388,73732,,,420,348,7
2021-10-24,93773,2396,74018,,,427,286,8
2021-10-25,94208,2404,74170,,,435,152,8
2021-10-26,94652,2414,74454,,,444,284,10
2021-10-27,95111,2423,74739,,,459,285,9
2021-10-28,95588,2433,75092,,,477,353,10
2021-10-29,96079,2442,75482,,,491,390,9
2021-10-30,96600,2454,75874,,,521,392,12
2021-10-31,97129,2464,76272,,,529,398,10
2021-11-01,97663,2473,76419,,,534,147,9
2021-11-02,98199,2485,76812,,,536,393,12
2021-11-03,98751,2496,77116,,,552,304,11
2021-11-04,99318,2505,77512,,,567,396,9
2021-11-05,99892,2515,77817,,,574,305,10
2021-11-06,100470,2526,78120,,,578,303,11
2021-11-07,101051,2538,78530,,,581,410,12
2021-11-08,101635,2550,78730,,,584,200,12
2021-11-09,102218,2562,79187,,,583,457,12
2021-11-10,102802,2573,79640,,,584,453,11
2021-11-11,103388,2583,80102,,,586,462,10
2021-11-12,103977,2594,80589,,,589,487,11
2021-11-13,104564,2604,81076,,,587,487,10
2021-11-14,105152,2616,81562,,,588,486,12
2021-11-15,105738,2627,81695,,,586,133,11
2021-11-16,106327,2638,82196,,,589,501,11
2021-11-17,106919,2649,82707,,,592,511,11
2021-11-18,107513,2661,83212,,,594,505,12
2021-11-19,108106,2673,83813,,,593,601,12
2021-11-20,108701,2687,84415,,,595,602,14
2021-11-21,109293,2701,84919,,,592,504,14
2021-11-22,109883,2716,85100,,,590,181,15
2021-11-23,110472,2730,85790,,,589,690,14
2021-11-24,111059,2745,86460,,,587,670,15
2021-11-25,111643,2758,87140,,,584,680,13
2021-11-26,112229,2772,87829,,,586,689,14
2021-11-27,112818,2787,88525,,,589,696,15
2021-11-28,113405,2800,89218,,,587,693,13
2021-11-29,113989,2812,89346,,,584,128,12
2021-11-30,114568,2824,90098,,,579,752,12
2021-12-01,115149,2837,90877,,,581,779,13
2021-12-02,115727,2851,91681,,,578,804,14
2021-12-03,116307,2863,92490,,,580,809,12
2021-12-04,116884,2875,93316,,,577,826,12
2021-12-05,117465,2887,94130,,,581,814,12
2021-12-06,118041,2900,94262,,,576,132,13
2021-12-07,118613,2911,95087,,,572,825,11
2021-12-08,119187,2924,95911,,,574,824,13
2021-12-09,119760,2935,96752,,,573,841,11
2021-12-10,120331,2945,97596,,,571,844,10
2021-12-11,120901,2958,98442,,,570,846,13
2021-12-12,121470,2970,99267,,,569,825,12
2021-12-13,122037,2981,99428,,,567,161,11
2021-12-14,122602,2992,100274,,,565,846,11
2021-12-15,123164,3005,101117,,,562,843,13
2021-12-16,123721,3015,102070,,,557,953,10
2021-12-17,124270,3026,103027,,,549,957,11
2021-12-18,124808,3036,104011,,,538,984,10
2021-12-19,125329,3046,104962,,,521,951,10
2021-12-20,125834,3056,105186,,,505,224,10
2021-12-21,126325,3066,106173,,,491,987,10
2021-12-22,126814,3077,107160,,,489,987,11
2021-12-23,127270,3086,108151,,,456,991,9
2021-12-24,127690,3095,109145,,,420,994,9
2021-12-25,128098,3107,110140,,,408,995,12
2021-12-26,128494,3117,111256,,,396,1116,10
2021-12-27,128874,3129,111669,,,380,413,12
2021-12-28,129249,3139,113665,,,375,1996,10
2021-12-29,129608,3149,115660,,,359,1995,10
2021-12-30,129933,3158,117658,,,325,1998,9
2021-12-31,130256,3172,119654,,,323,1996,14
2022-01-01,130575,3183,121150,,,319,1496,11
2022-01-02,130883,3195,121346,,,308,196,12
2022-01-03,131182,3205,121469,,,299,123,10
2022-01-04,131467,3218,122463,,,285,994,13
2022-01-05,131726,3228,122571,,,259,108,10
2022-01-06,131945,3240,122680,,,219,109,12
2022-01-07,132154,3249,123671,,,209,991,9
2022-01-08,132360,3259,123733,,,206,62,10
2022-01-09,132564,3268,123791,,,204,58,9
2022-01-10,132767,3277,123847,,,203,56,9
2022-01-11,132965,3287,124346,,,198,499,10
2022-01-12,133160,3300,124844,,,195,498,13
2022-01-13,133375,3310,125343,,,215,499,10
2022-01-14,133596,3321,125731,,,221,388,11
2022-01-15,133838,3334,126108,,,242,377,13
2022-01-16,134103,3345,126312,,,265,204,11
2022-01-17,134384,3355,126409,,,281,97,10
2022-01-18,134677,3364,126705,,,293,296,9
2022-01-19,134992,3376,127013,,,315,308,12
2022-01-20,135368,3390,127327,,,376,314,14
2022-01-21,135806,3403,127639,,,438,312,13
2022-01-22,136343,3415,128074,,,537,435,12
2022-01-23,136941,3427,128389,,,598,315,12
2022-01-24,137536,3436,128485,,,595,96,9
2022-01-25,138152,3449,128732,,,616,247,13
2022-01-26,138777,3464,128986,,,625,254,15
2022-01-27,139428,3478,129236,,,651,250,14
2022-01-28,140132,3493,129490,,,704,254,15
2022-01-29,140866,3508,129688,,,734,198,15
2022-01-30,141678,3522,129885,,,812,197,14
2022-01-31,142685,3535,130137,,,1007,252,13
2022-02-01,144000,3550,130590,,,1315,453,15
2022-02-02,145663,3562,131051,,,1663,461,12
2022-02-03,147464,3577,131510,,,1801,459,15
2022-02-04,149376,3591,131964,,,1912,454,14
2022-02-05,151425,3605,132425,,,2049,461,14
2022-02-06,153612,3620,132927,,,2187,502,15
2022-02-07,155885,3634,133242,,,2273,315,14
2022-02-08,158219,3649,134444,,,2334,1202,15
2022-02-09,160664,3664,135952,,,2445,1508,15
2022-02-10,163246,3678,137705,,,2582,1753,14
2022-02-11,165875,3689,139457,,,2629,1752,11
2022-02-12,168543,3699,141461,,,2668,2004,10
2022-02-13,171056,3709,142963,,,2513,1502,10
2022-02-14,173638,3719,143468,,,2582,505,10
2022-02-15,175594,3728,145567,,,1956,2099,9
2022-02-16,177330,3739,147819,,,1736,2252,11
2022-02-17,179255,3750,150336,,,1925,2517,11
2022-02-18,181249,3760,152990,,,1994,2654,10
2022-02-19,182954,3771,155738,,,1705,2748,11
2022-02-20,184624,3782,158590,,,1670,2852,11
2022-02-21,185572,3791,159595,,,948,1005,9
